ID,STRAIN,GEO_LOC,A,R,D,N,C,E,Q,G,H,I,L,K,M,F,P,S,T,W,Y,V
UHY66465.1,OC43,Hong Kong,6.2,2.7,2.7,8.4,4,3.2,3.8,6.3,1.2,5.7,9.3,4.3,4.3,5.4,4.3,7.9,6.8,1,5.7,7
AYV64549.1,MERS,Jordan,6.5,3.4,3.4,5.7,3.1,3.4,5.2,6.8,1.5,5.4,8.9,3.8,3.8,5.2,4.6,9.9,6.8,0.7,5.6,7.1
AYV64560.1,MERS,Jordan,6.5,3.4,3.4,5.7,3.1,3.4,5.2,6.8,1.5,5.4,8.9,3.8,3.8,5.2,4.6,9.9,6.8,0.7,5.6,7.1
AYP10298.1,MERS,Jordan,6.5,3.4,3.4,5.7,3.1,3.4,5.2,6.8,1.5,5.4,8.9,3.8,3.8,5.2,4.6,9.9,6.8,0.7,5.6,7.1
ARQ84735.1,MERS,Jordan,6.5,3.3,3.3,5.7,3.1,3.4,5.2,6.8,1.5,5.4,8.9,3.8,3.8,5.2,4.6,9.9,6.8,0.7,5.6,7.1
ARQ84746.1,MERS,Jordan,6.5,3.3,3.3,5.7,3.1,3.4,5.2,6.8,1.5,5.4,8.9,3.8,3.8,5.2,4.6,9.9,6.8,0.7,5.6,7.1
ARQ84757.1,MERS,Jordan,6.5,3.3,3.3,5.7,3.1,3.4,5.2,6.8,1.5,5.4,8.9,3.8,3.8,5.2,4.6,9.9,6.8,0.7,5.6,7.1
ARQ84768.1,MERS,Jordan,6.5,3.3,3.3,5.7,3.1,3.4,5.2,6.8,1.5,5.4,8.9,3.8,3.8,5.2,4.6,9.9,6.8,0.7,5.6,7.1
AQN78656.1,OC43,Malaysia,6,2.7,2.7,8.5,4.1,3.2,3.8,6.3,1.3,5.5,9.4,4.3,4.3,5.4,4.2,8.1,6.9,1,5.7,7.1
AQN78664.1,OC43,Malaysia,6.1,2.6,2.6,8.5,4,3.2,3.8,6.4,1.4,5.5,9.3,4.3,4.3,5.4,4.3,7.9,6.9,1,5.7,7.1
AQN78672.1,OC43,Malaysia,6.1,2.7,2.7,8.5,4,3.2,3.8,6.3,1.3,5.5,9.4,4.3,4.3,5.4,4.1,8.1,6.9,1,5.7,7.1
AQN78680.1,OC43,Malaysia,6.1,2.6,2.6,8.5,4,3.2,3.8,6.4,1.3,5.5,9.3,4.3,4.3,5.4,4.3,7.9,6.9,1,5.7,7.1
AQN78688.1,OC43,Malaysia,6.1,2.6,2.6,8.5,4,3.2,3.8,6.4,1.4,5.5,9.3,4.3,4.3,5.4,4.3,7.9,6.9,1,5.7,7.1
AQN78696.1,OC43,Malaysia,6.1,2.6,2.6,8.5,4,3.2,3.8,6.4,1.4,5.5,9.3,4.3,4.3,5.4,4.3,7.9,6.9,1,5.7,7.1
AQN78704.1,OC43,Malaysia,6.1,2.7,2.7,8.5,4.1,3.2,3.8,6.3,1.3,5.5,9.4,4.3,4.3,5.4,4.2,8,6.9,1,5.7,7.1
AQN78712.1,OC43,Malaysia,6.1,2.6,2.6,8.5,4,3.2,3.8,6.4,1.4,5.5,9.3,4.3,4.3,5.4,4.3,7.9,6.9,1,5.7,7.1
AQN78720.1,OC43,Malaysia,6.1,2.7,2.7,8.5,4.1,3.2,3.8,6.3,1.3,5.5,9.4,4.3,4.3,5.4,4.2,8,6.9,1,5.7,7.1
AQN78728.1,OC43,Malaysia,6.1,2.6,2.6,8.5,4,3.2,3.8,6.4,1.4,5.5,9.3,4.3,4.3,5.4,4.3,7.9,6.9,1,5.7,7.1
AQN78736.1,OC43,Malaysia,6.1,2.6,2.6,8.5,4,3.2,3.8,6.4,1.4,5.5,9.3,4.3,4.3,5.4,4.2,8,6.9,1,5.7,7.1
AQN78744.1,OC43,Malaysia,6.1,2.6,2.6,8.5,4,3.2,3.8,6.4,1.4,5.5,9.3,4.3,4.3,5.4,4.2,7.9,6.9,1,5.7,7.1
AQN78752.1,OC43,Malaysia,6.1,2.7,2.7,8.5,4.1,3.2,3.8,6.3,1.3,5.5,9.4,4.3,4.3,5.4,4.2,8,6.9,1,5.7,7.1
AQN78760.1,OC43,Malaysia,6.1,2.6,2.6,8.5,4,3.2,3.8,6.4,1.4,5.5,9.3,4.3,4.3,5.4,4.3,7.9,6.9,1,5.7,7.1
AQN78768.1,OC43,Malaysia,6.1,2.7,2.7,8.4,4.1,3.2,3.8,6.3,1.3,5.5,9.4,4.3,4.3,5.4,4.1,8.1,6.9,1,5.7,7.1
AQN78776.1,OC43,Malaysia,6.2,2.7,2.7,8.5,4.1,3.2,3.8,6.3,1.3,5.5,9.4,4.3,4.3,5.4,4.1,8.1,6.9,1,5.7,7.1
AQZ41285.1,MERS,Oman,6.4,3.3,3.3,5.7,3.1,3.4,5.2,6.8,1.5,5.4,8.9,3.8,3.8,5.3,4.6,9.9,6.8,0.7,5.6,7
AQZ41306.1,MERS,Oman,6.4,3.3,3.3,5.7,3.1,3.4,5.2,6.8,1.5,5.4,8.9,3.8,3.8,5.3,4.6,9.9,6.8,0.7,5.6,7
QGW51898.1,MERS,Saudi,6.5,3.3,3.3,5.6,3.1,3.4,5.2,6.8,1.5,5.4,8.9,3.8,3.8,5.2,4.6,9.9,6.8,0.7,5.6,7.1
QGW51909.1,MERS,Saudi,6.5,3.3,3.3,5.6,3.1,3.4,5.2,6.8,1.5,5.4,8.9,3.8,3.8,5.2,4.6,9.9,6.8,0.7,5.6,7.1
QGW51920.1,MERS,Saudi,6.5,3.4,3.4,5.7,3.1,3.4,5.2,6.8,1.5,5.4,8.9,3.8,3.8,5.2,4.6,9.9,6.8,0.7,5.6,7
QGW51938.1,MERS,Saudi,6.6,3.3,3.3,5.7,3.1,3.4,5.2,6.8,1.5,5.4,8.9,3.8,3.8,5.2,4.6,9.8,6.8,0.7,5.6,7.1
QGW51939.1,MERS,Saudi,6.5,3.3,3.3,5.7,3.1,3.4,5.2,6.8,1.5,5.4,8.9,3.8,3.8,5.2,4.6,9.9,6.8,0.7,5.6,7.1
QGW51940.1,MERS,Saudi,6.5,3.3,3.3,5.7,3.1,3.4,5.2,6.8,1.5,5.4,8.9,3.8,3.8,5.2,4.6,9.9,6.8,0.7,5.6,7.1
QGW51941.1,MERS,Saudi,6.5,3.3,3.3,5.6,3.1,3.4,5.2,6.8,1.5,5.4,8.9,3.8,3.8,5.2,4.6,9.9,6.8,0.7,5.6,7.1
QDP16195.1,MERS,Saudi,6.5,3.3,3.3,5.7,3.1,3.4,5.2,6.8,1.5,5.4,8.9,3.8,3.8,5.2,4.7,9.8,6.9,0.7,5.6,7
QDP16206.1,MERS,Saudi,6.5,3.3,3.3,5.7,3.1,3.4,5.2,6.8,1.5,5.5,9,3.8,3.8,5.2,4.6,9.9,6.7,0.7,5.6,7
QCQ28828.1,MERS,Saudi,6.5,3.3,3.3,5.7,3.1,3.4,5.2,6.8,1.5,5.4,8.9,3.8,3.8,5.2,4.6,9.9,6.8,0.7,5.6,7.1
QCQ28829.1,MERS,Saudi,6.5,3.3,3.3,5.7,3.1,3.4,5.2,6.8,1.5,5.4,8.9,3.8,3.8,5.2,4.6,9.9,6.8,0.7,5.6,7.1
QCQ28830.1,MERS,Saudi,6.5,3.3,3.3,5.7,3.1,3.4,5.2,6.8,1.5,5.4,8.9,3.8,3.8,5.2,4.6,9.9,6.8,0.7,5.6,7.1
QCQ28831.1,MERS,Saudi,6.5,3.3,3.3,5.7,3.1,3.4,5.2,6.8,1.5,5.4,8.9,3.8,3.8,5.2,4.6,9.8,6.8,0.7,5.7,7.1
QCQ28832.1,MERS,Saudi,6.6,3.3,3.3,5.7,3.1,3.4,5.2,6.8,1.5,5.4,8.9,3.8,3.8,5.2,4.6,9.8,6.8,0.7,5.6,7.1
QCQ28833.1,MERS,Saudi,6.6,3.3,3.3,5.7,3.1,3.4,5.2,6.8,1.5,5.4,8.9,3.8,3.8,5.2,4.6,9.8,6.8,0.7,5.6,7.1
QCQ28834.1,MERS,Saudi,6.6,3.3,3.3,5.7,3.1,3.4,5.2,6.8,1.5,5.4,8.9,3.8,3.8,5.2,4.6,9.8,6.8,0.7,5.6,7.1
QCQ28835.1,MERS,Saudi,6.5,3.3,3.3,5.7,3.1,3.4,5.2,6.8,1.5,5.4,8.9,3.8,3.8,5.2,4.6,9.9,6.8,0.7,5.6,7.1
QCQ28836.1,MERS,Saudi,6.5,3.3,3.3,5.7,3.1,3.4,5.2,6.8,1.5,5.4,8.8,3.8,3.8,5.2,4.6,10,6.8,0.7,5.6,7.1
AYO86699.1,MERS,Saudi,6.5,3.3,3.3,5.7,3.1,3.4,5.2,6.8,1.5,5.4,8.9,3.8,3.8,5.2,4.6,9.9,6.8,0.7,5.6,7.1
AYJ71470.1,MERS,Saudi,6.5,3.4,3.4,5.6,3.1,3.4,5.2,6.8,1.5,5.4,8.9,3.8,3.8,5.2,4.6,9.9,6.8,0.7,5.6,7.1
AYJ71481.1,MERS,Saudi,6.5,3.4,3.4,5.7,3.1,3.4,5.2,6.8,1.5,5.4,8.9,3.8,3.8,5.2,4.6,9.9,6.8,0.7,5.6,7.1
AVK87318.1,MERS,Saudi,6.6,3.3,3.3,5.7,3.1,3.4,5.2,6.8,1.5,5.4,8.9,3.8,3.8,5.2,4.6,9.9,6.8,0.7,5.6,7.1
AVK87329.1,MERS,Saudi,6.6,3.3,3.3,5.7,3.1,3.4,5.2,6.8,1.5,5.4,8.9,3.8,3.8,5.2,4.6,9.9,6.8,0.7,5.6,7.1
ALK80192.1,MERS,South Korea,6.5,3.3,3.3,5.7,3.1,3.4,5.2,6.8,1.5,5.3,8.9,3.8,3.8,5.2,4.6,9.9,6.9,0.7,5.6,7.1
ALK80202.1,MERS,South Korea,6.5,3.3,3.3,5.7,3.1,3.4,5.2,6.8,1.5,5.3,8.9,3.8,3.8,5.2,4.6,9.9,6.9,0.7,5.6,7.1
ALK80212.1,MERS,South Korea,6.5,3.3,3.3,5.7,3.1,3.4,5.2,6.8,1.5,5.3,8.9,3.8,3.8,5.2,4.6,9.9,6.9,0.7,5.6,7.1
ALK80222.1,MERS,South Korea,6.5,3.3,3.3,5.7,3.1,3.4,5.2,6.8,1.5,5.3,8.9,3.8,3.8,5.2,4.6,9.9,6.9,0.7,5.6,7.1
ALK80232.1,MERS,South Korea,6.5,3.3,3.3,5.7,3.1,3.4,5.2,6.8,1.5,5.3,8.9,3.8,3.8,5.2,4.6,9.9,6.9,0.7,5.6,7.1
ALK80242.1,MERS,South Korea,6.5,3.3,3.3,5.7,3.1,3.4,5.2,6.8,1.5,5.4,8.9,3.8,3.8,5.2,4.6,9.9,6.8,0.7,5.6,7.1
AYN64561.1,HKU1,Thailand,4.5,2.7,2.7,9,4.1,3,3,5.5,1.6,6.7,9.7,4.1,4.1,6.5,4,11.4,5.7,1.2,5.1,6.6
ASU45696.1,MERS,UAE,6.4,3.3,3.3,5.7,3.1,3.4,5.2,6.8,1.5,5.4,8.9,3.8,3.8,5.3,4.6,10,6.8,0.7,5.6,7
ASU45708.1,MERS,UAE,6.4,3.3,3.3,5.7,3.1,3.4,5.2,6.8,1.5,5.4,8.9,3.8,3.8,5.3,4.6,10,6.8,0.7,5.6,7
ASU45719.1,MERS,UAE,6.4,3.3,3.3,5.7,3.1,3.4,5.2,6.8,1.5,5.4,8.9,3.8,3.8,5.3,4.6,10,6.8,0.7,5.6,7
ASU45730.1,MERS,UAE,6.4,3.3,3.3,5.7,3.1,3.4,5.2,6.8,1.5,5.5,8.9,3.8,3.8,5.2,4.7,10,6.7,0.7,5.6,7
ASU45741.1,MERS,UAE,6.4,3.3,3.3,5.7,3.1,3.4,5.2,6.8,1.5,5.4,8.9,3.8,3.8,5.3,4.6,10,6.8,0.7,5.6,7
ASU45752.1,MERS,UAE,6.4,3.3,3.3,5.7,3.1,3.4,5.2,6.8,1.5,5.4,8.9,3.8,3.8,5.3,4.6,10,6.8,0.7,5.6,7
ASU45763.1,MERS,UAE,6.4,3.3,3.3,5.7,3.1,3.4,5.2,6.8,1.5,5.4,8.9,3.8,3.8,5.3,4.6,10,6.8,0.7,5.6,7
ASU45774.1,MERS,UAE,6.4,3.3,3.3,5.7,3.1,3.4,5.2,6.8,1.5,5.4,8.9,3.8,3.8,5.3,4.6,10,6.8,0.7,5.6,7
ASU45785.1,MERS,UAE,6.4,3.3,3.3,5.7,3.1,3.4,5.2,6.8,1.5,5.4,8.9,3.8,3.8,5.3,4.6,10,6.8,0.7,5.6,7
ASU45796.1,MERS,UAE,6.5,3.4,3.4,5.7,3.1,3.4,5.2,6.8,1.5,5.4,8.9,3.8,3.8,5.2,4.6,9.9,6.8,0.7,5.6,7.1
ASU45807.1,MERS,UAE,6.4,3.3,3.3,5.6,3.1,3.4,5.2,6.8,1.6,5.4,8.9,3.8,3.8,5.3,4.6,10.1,6.8,0.7,5.6,7
AGN52936.1,MERS,UAE,6.5,3.3,3.3,5.7,3.1,3.4,5.2,6.8,1.6,5.5,8.9,3.8,3.8,5.2,4.6,9.9,6.8,0.7,5.6,7
QBP84704.1,OC43,France,6.1,2.7,2.7,8.5,4.1,3.2,3.8,6.3,1.3,5.5,9.3,4.3,4.3,5.4,4.2,8,7,1,5.6,7.2
QBP84713.1,OC43,France,6.1,2.7,2.7,8.5,4.1,3.2,3.8,6.3,1.3,5.6,9.4,4.3,4.3,5.4,4.2,8,6.9,1,5.7,7.1
QBP84722.1,OC43,France,6.1,2.7,2.7,8.5,4.1,3.2,3.8,6.4,1.3,5.6,9.3,4.3,4.3,5.5,4.2,7.9,7,1,5.6,7.1
QBP84731.1,OC43,France,6.1,2.7,2.7,8.5,4.1,3.2,3.8,6.3,1.3,5.5,9.4,4.3,4.3,5.4,4.1,8,6.9,1,5.7,7.1
QBP84740.1,OC43,France,6,2.7,2.7,8.5,4.1,3.2,3.8,6.4,1.3,5.6,9.3,4.3,4.3,5.4,4.2,8,7,1,5.6,7.1
QBP84749.1,OC43,France,6,2.7,2.7,8.5,4.1,3.2,3.8,6.4,1.3,5.6,9.3,4.3,4.3,5.4,4.2,8,7,1,5.6,7.1
QBQ01839.1,OC43,France,6.2,2.7,2.7,8.2,4,3,3.8,6.7,1.1,5.7,9.1,4.3,4.3,5.4,4.2,8.1,6.9,1,5.7,7.2
ADN03339.1,HKU1,France,4.4,2.7,2.7,8.4,4.1,2.9,2.9,5.4,2,6,10,4.4,4.4,6.6,3.8,11.4,6.3,1.2,5.2,6.4
AYM48030.1,MERS,United Kingdom,6.5,3.3,3.3,5.7,3.1,3.4,5.2,6.8,1.5,5.5,8.9,3.8,3.8,5.2,4.6,9.9,6.7,0.7,5.6,7.1
YP_009825051.1,SARS,Canada,6.8,3.1,3.1,6.5,3.1,3.3,4.4,6.3,1.2,6.2,7.9,4.8,4.8,6.6,4.5,7.6,7.9,0.9,4.3,7.3
AAP41037.1,SARS,Canada,6.8,3.1,3.1,6.5,3.1,3.3,4.4,6.3,1.2,6.2,7.9,4.8,4.8,6.6,4.5,7.6,7.9,0.9,4.3,7.3
AOL02453.1,OC43,Mexico,6.1,2.7,2.7,8.5,4.1,3.2,3.8,6.3,1.4,5.6,9.3,4.2,4.2,5.4,4.3,7.8,7,1,5.7,7.1
AGW27836.1,HKU1,Colorado,4.4,2.7,2.7,8.5,4.1,2.9,2.9,5.4,2,5.9,9.8,4.4,4.4,6.6,3.8,11.4,6.3,1.1,5.4,6.5
AGW27845.1,HKU1,Colorado,4.4,2.7,2.7,8.5,4.1,2.9,2.9,5.4,2,5.9,9.8,4.4,4.4,6.6,3.8,11.4,6.3,1.1,5.4,6.5
AGW27854.1,HKU1,Colorado,4.4,2.7,2.7,8.5,4.1,2.9,2.9,5.4,2,5.9,9.8,4.4,4.4,6.6,3.8,11.4,6.3,1.1,5.4,6.5
AGW27863.1,HKU1,Colorado,4.4,2.7,2.7,8.5,4.1,2.9,2.9,5.4,2,5.9,9.7,4.4,4.4,6.6,3.8,11.5,6.3,1.1,5.4,6.5
AGW27872.1,HKU1,Colorado,4.6,2.7,2.7,8.5,4.1,2.8,2.9,5.4,1.9,6,9.8,4.4,4.4,6.6,3.8,11.4,6.3,1.2,5.3,6.3
AGW27881.1,HKU1,Colorado,4.4,2.7,2.7,8.5,4.1,2.9,2.9,5.4,2,5.9,9.8,4.4,4.4,6.6,3.8,11.4,6.3,1.1,5.4,6.5
AGT17769.1,HKU1,Colorado,4.4,2.7,2.7,8.5,4.1,2.9,2.9,5.4,2,6,9.8,4.4,4.4,6.6,3.7,11.4,6.3,1.1,5.4,6.5
AGT51324.1,NL63,Tennessee,5.8,3.1,3.1,8.4,3.3,2.2,4.3,6.1,1.5,5.9,9.7,3.2,3.2,5.5,3.5,9.4,7.7,1,5.2,9.2
AGT51331.1,NL63,Tennessee,5.7,3.1,3.1,8.5,3.3,2.2,4.3,6.1,1.5,5.8,9.7,3.1,3.1,5.6,3.5,9.4,7.8,1,5.2,9.3
AGT51338.1,NL63,Tennessee,5.8,3.1,3.1,8.4,3.3,2.2,4.3,6.1,1.5,5.9,9.7,3.2,3.2,5.5,3.5,9.4,7.7,1,5.2,9.2
AGT51345.1,NL63,Tennessee,5.8,3.1,3.1,8.4,3.3,2.2,4.3,6,1.5,5.9,9.7,3.2,3.2,5.5,3.5,9.4,7.7,1,5.2,9.2
AGT51352.1,NL63,Tennessee,5.8,3.1,3.1,8.4,3.3,2.2,4.3,6.1,1.5,5.9,9.7,3.2,3.2,5.5,3.5,9.4,7.7,1,5.2,9.2
AGT51359.1,NL63,Tennessee,5.8,3.1,3.1,8.4,3.3,2.2,4.3,6.1,1.5,5.9,9.7,3.2,3.2,5.5,3.5,9.4,7.7,1,5.2,9.2
AGT51366.1,NL63,Tennessee,5.7,3.1,3.1,8.5,3.3,2.2,4.3,6,1.5,6,9.7,3.1,3.1,5.6,3.5,9.4,7.7,1,5.2,9.3
AGT51373.1,NL63,Tennessee,5.8,3.1,3.1,8.4,3.3,2.2,4.3,6.1,1.5,5.9,9.7,3.2,3.2,5.5,3.5,9.4,7.7,1,5.2,9.2
AGT51380.1,NL63,Tennessee,5.6,3,3,8.2,3.3,2.1,4.3,6,1.8,6,9.7,3.2,3.2,5.5,3.5,10,7.6,1,5.1,9.2
AGT51387.1,NL63,Tennessee,5.8,3.1,3.1,8.4,3.3,2.2,4.3,6.1,1.5,5.9,9.7,3.2,3.2,5.5,3.5,9.4,7.7,1,5.2,9.2
AGT51394.1,NL63,Tennessee,5.8,3.1,3.1,8.4,3.3,2.2,4.3,6.1,1.5,5.9,9.7,3.2,3.2,5.5,3.5,9.4,7.7,1,5.2,9.2
AGT51402.1,OC43,Tennessee,6,2.7,2.7,8.4,4,3.2,3.8,6.6,1.1,5.7,9.4,4.3,4.3,5.2,4.1,8,6.8,1,5.8,7.3
AGT51412.1,OC43,Tennessee,6,2.7,2.7,8.3,4,3.2,3.8,6.6,1.1,5.7,9.4,4.3,4.3,5.2,4.2,7.9,6.9,1,5.8,7.3
AGT51422.1,OC43,Tennessee,6,2.7,2.7,8.4,4,3.2,3.8,6.6,1.1,5.7,9.4,4.3,4.3,5.2,4.2,7.9,6.8,1,5.8,7.3
AGT51431.1,OC43,Tennessee,6,2.7,2.7,8.4,4,3.2,3.8,6.6,1.1,5.7,9.3,4.3,4.3,5.3,4.1,8,6.8,1,5.8,7.3
AGT51441.1,OC43,Tennessee,6.1,2.7,2.7,8.2,4,3.2,3.8,6.5,1.1,5.7,9.3,4.6,4.6,5.4,4.1,7.9,7,1,5.7,7.2
AGT51451.1,OC43,Tennessee,6.1,2.7,2.7,8.4,4,3.2,3.8,6.6,1.1,5.7,9.4,4.3,4.3,5.2,4.1,8,6.8,1,5.8,7.3
AGT51461.1,OC43,Tennessee,6,2.7,2.7,8.4,4,3.2,3.8,6.6,1.1,5.7,9.4,4.3,4.3,5.2,4.2,7.9,6.9,1,5.8,7.3
AGT51471.1,OC43,Tennessee,6,2.7,2.7,8.4,4,3.2,3.8,6.6,1.1,5.7,9.4,4.3,4.3,5.2,4.2,7.9,6.9,1,5.8,7.3
AGT51481.1,OC43,Tennessee,6.2,2.6,2.6,8.3,4,3.1,3.8,6.6,1.1,5.7,9.2,4.6,4.6,5.4,4.1,7.7,7.1,1,5.8,7.1
AGT51491.1,OC43,Tennessee,6.1,2.7,2.7,8.3,4,3.2,3.8,6.5,1.1,5.7,9.3,4.5,4.5,5.4,4,8,7.1,1,5.7,7.1
AGT51501.1,OC43,Tennessee,6.1,2.7,2.7,8.2,4,3.2,3.8,6.5,1.2,5.7,9.3,4.6,4.6,5.4,4.1,7.9,7.1,1,5.7,7.2
AGT51511.1,OC43,Tennessee,6.1,2.7,2.7,8.2,4,3.2,3.8,6.5,1.1,5.7,9.3,4.5,4.5,5.5,4,8,7.1,1,5.7,7.1
AGT51521.1,OC43,Tennessee,6.2,2.6,2.6,8.3,4,3.2,3.8,6.5,1.1,5.6,9.3,4.6,4.6,5.4,4.1,7.9,6.9,1,5.8,7.1
AGT51531.1,OC43,Tennessee,6.1,2.7,2.7,8.4,4,3.2,3.8,6.6,1.1,5.7,9.4,4.3,4.3,5.2,4.1,8,6.8,1,5.8,7.3
AGT51541.1,OC43,Tennessee,6,2.6,2.6,8.4,4,3.2,3.8,6.6,1.1,5.7,9.4,4.3,4.3,5.2,4.2,7.9,6.9,1,5.8,7.3
AGT51551.1,OC43,Tennessee,6,2.7,2.7,8.4,4,3.2,3.8,6.6,1.1,5.7,9.4,4.3,4.3,5.2,4.1,8,6.9,1,5.8,7.3
AGT51561.1,OC43,Tennessee,6,2.7,2.7,8.4,4,3.2,3.8,6.6,1.1,5.7,9.4,4.3,4.3,5.2,4.1,8,6.8,1,5.8,7.3
AGT51570.1,OC43,Tennessee,6.1,2.6,2.6,8.4,4,3.2,3.8,6.5,1.1,5.6,9.3,4.6,4.6,5.4,4.1,7.9,6.9,1,5.8,7.1
AGT51580.1,OC43,Tennessee,6,2.7,2.7,8.3,4,3.2,3.8,6.6,1.1,5.7,9.4,4.3,4.3,5.2,4.2,7.9,6.9,1,5.8,7.3
AGT51590.1,OC43,Tennessee,6,2.6,2.6,8.4,4,3.2,3.8,6.6,1.1,5.7,9.4,4.4,4.4,5.2,4.1,8,6.8,1,5.8,7.4
AGT51600.1,OC43,Tennessee,6.1,2.7,2.7,8.3,4,3.1,3.8,6.5,1.2,5.6,9.3,4.5,4.5,5.5,4.1,7.8,7.1,1,5.7,7.1
AGT51610.1,OC43,Tennessee,6.1,2.7,2.7,8.4,4,3.2,3.8,6.6,1.1,5.7,9.3,4.3,4.3,5.3,4.1,8,6.8,1,5.8,7.3
AGT51620.1,OC43,Tennessee,6.1,2.7,2.7,8.2,4,3.2,3.8,6.5,1.1,5.7,9.3,4.5,4.5,5.4,4,8,7.1,1,5.7,7.1
AGT51630.1,OC43,Tennessee,6.1,2.6,2.6,8.3,4,3.1,3.8,6.5,1.1,5.6,9.3,4.6,4.6,5.4,4.1,7.9,7.1,1,5.8,7.1
AGT51640.1,OC43,Tennessee,6,2.7,2.7,8.3,4,3.2,3.8,6.6,1.1,5.7,9.4,4.3,4.3,5.2,4.2,7.9,6.9,1,5.8,7.3
AGT51650.1,OC43,Tennessee,6.1,2.7,2.7,8.2,4,3.2,3.8,6.5,1.1,5.7,9.3,4.6,4.6,5.4,4.1,7.9,7,1,5.7,7.2
AGT51660.1,OC43,Tennessee,6,2.7,2.7,8.4,4,3.2,3.8,6.6,1.1,5.7,9.4,4.3,4.3,5.2,4.2,7.9,6.9,1,5.8,7.3
AGT51670.1,OC43,Tennessee,6,2.7,2.7,8.3,4,3.2,3.8,6.6,1.1,5.7,9.4,4.3,4.3,5.2,4.2,7.9,6.9,1,5.8,7.3
AGT51680.1,OC43,Tennessee,6,2.7,2.7,8.4,4,3.2,3.8,6.6,1.1,5.7,9.4,4.3,4.3,5.2,4.2,7.9,6.9,1,5.8,7.3
AGT51690.1,OC43,Tennessee,6.1,2.6,2.6,8.3,4,3.1,3.8,6.5,1.1,5.6,9.3,4.6,4.6,5.4,4.1,7.9,7,1,5.8,7.1
AGT51700.1,OC43,Tennessee,6.1,2.6,2.6,8.3,4,3.1,3.8,6.5,1.1,5.6,9.2,4.6,4.6,5.5,4.1,7.9,7.1,1,5.8,7.1
AGT51710.1,OC43,Tennessee,6,2.7,2.7,8.4,4,3.2,3.8,6.6,1.1,5.7,9.4,4.3,4.3,5.2,4.1,8,6.9,1,5.8,7.3
AGT51720.1,OC43,Tennessee,6.1,2.6,2.6,8.3,4,3.1,3.8,6.5,1.1,5.6,9.3,4.6,4.6,5.4,4.1,7.9,7,1,5.8,7.1
AGT51730.1,OC43,Tennessee,6.1,2.7,2.7,8.4,4,3.2,3.8,6.6,1.1,5.7,9.4,4.3,4.3,5.2,4.1,8,6.8,1,5.8,7.3
AGT51740.1,OC43,Tennessee,6,2.7,2.7,8.3,4,3.2,3.8,6.6,1.1,5.7,9.4,4.3,4.3,5.2,4.2,7.9,6.9,1,5.8,7.3
AGT51750.1,OC43,Tennessee,6.1,2.6,2.6,8.3,4,3.1,3.8,6.5,1.1,5.6,9.3,4.6,4.6,5.4,4.1,7.9,7.1,1,5.8,7.1
AGT51760.1,OC43,Tennessee,6.1,2.6,2.6,8.2,4,3.1,3.8,6.5,1.2,5.7,9.3,4.6,4.6,5.4,4.1,7.8,7,1,5.7,7.1
AGT51770.1,OC43,Tennessee,6.1,2.6,2.6,8.2,4,3.1,3.8,6.5,1.2,5.7,9.3,4.6,4.6,5.4,4.1,7.8,7,1,5.7,7.1
AGT51780.1,OC43,Tennessee,6,2.7,2.7,8.4,4,3.2,3.8,6.6,1.1,5.7,9.4,4.3,4.3,5.2,4.1,8,6.9,1,5.8,7.3
AGT51790.1,OC43,Tennessee,6.1,2.7,2.7,8.2,4,3.2,3.8,6.4,1.1,5.7,9.2,4.6,4.6,5.5,4.1,7.9,7.1,1,5.7,7.2
AGT51800.1,OC43,Tennessee,6.1,2.7,2.7,8.3,4,3.2,3.8,6.5,1.1,5.7,9.3,4.6,4.6,5.4,4.1,7.9,6.9,1,5.7,7.2
AGT21338.1,229E,Tennessee,6.2,3.2,3.2,7.6,3.3,3.2,3.9,6.6,1.2,6.2,8.6,3.4,3.4,5.3,3.1,9.2,8,0.9,4.4,10.2
AGT21345.1,229E,Tennessee,6.3,3.2,3.2,7.7,3.3,3.2,3.9,6.5,1.2,6.2,8.6,3.4,3.4,5.1,3.1,9.3,7.9,0.9,4.5,10.1
AGT21353.1,229E,Tennessee,6.2,3.2,3.2,7.9,3.3,3.2,3.8,6.5,1.3,6.2,8.6,3.3,3.3,5.1,3.1,9.4,7.8,0.9,4.5,10.2
AGT21360.1,229E,Tennessee,6.3,3.3,3.3,7.6,3.3,3.2,3.8,6.5,1.2,6.2,8.6,3.4,3.4,5.1,3.1,9.3,7.9,0.9,4.5,10.1
AGT21367.1,229E,Tennessee,6.3,3.3,3.3,7.7,3.3,3.2,3.8,6.5,1.2,6.2,8.6,3.4,3.4,5.1,3.1,9.4,7.8,0.9,4.5,10.1
AGT17758.1,HKU1,Brazil,4.5,2.7,2.7,9,4.1,3,3,5.5,1.6,6.7,9.6,4,4,6.7,4,11.3,5.8,1.2,5,6.7
AGT17763.1,HKU1,Brazil,4.4,2.7,2.7,8.5,4.1,2.9,2.9,5.4,2,5.9,9.8,4.4,4.4,6.6,3.8,11.5,6.3,1.2,5.3,6.5
AGT17777.1,HKU1,Brazil,4.4,2.7,2.7,8.4,4.1,2.9,2.9,5.4,2,5.9,9.8,4.4,4.4,6.6,3.8,11.6,6.3,1.2,5.3,6.5
URW63983.1,SARS 2,Africa,6.2,3.5,3.5,7,3.1,3.7,4.9,6.5,1.3,6,8.4,4.9,4.9,6,4.5,7.8,7.5,0.9,4.2,7.6
URW63995.1,SARS 2,Africa,6.2,3.5,3.5,7,3.1,3.7,4.9,6.5,1.3,6,8.4,4.9,4.9,6,4.5,7.8,7.5,0.9,4.2,7.6
URW64007.1,SARS 2,Africa,6.2,3.5,3.5,7,3.1,3.7,4.9,6.5,1.3,6,8.4,4.9,4.9,6,4.5,7.8,7.5,0.9,4.2,7.6
URW64019.1,SARS 2,Africa,6.2,3.5,3.5,7,3.1,3.7,4.9,6.5,1.3,6,8.4,4.9,4.9,6,4.5,7.8,7.5,0.9,4.2,7.6
URW64031.1,SARS 2,Africa,6.2,3.5,3.5,7,3.1,3.6,4.9,6.5,1.3,6,8.4,4.9,4.9,6,4.5,7.8,7.5,0.9,4.2,7.6
URW64043.1,SARS 2,Africa,6.2,3.5,3.5,7,3.1,3.7,4.9,6.5,1.3,6,8.4,4.9,4.9,6,4.5,7.8,7.5,0.9,4.2,7.6
URW64055.1,SARS 2,Africa,6.2,3.5,3.5,7,3.1,3.7,4.9,6.5,1.3,6,8.4,4.9,4.9,6,4.5,7.8,7.5,0.9,4.2,7.6
URW64067.1,SARS 2,Africa,6.2,3.5,3.5,7,3.1,3.7,4.9,6.5,1.3,6,8.4,4.9,4.9,6,4.5,7.8,7.5,0.9,4.2,7.6
URW64079.1,SARS 2,Africa,6.2,3.5,3.5,7,3.1,3.7,4.9,6.5,1.3,6,8.4,4.9,4.9,6,4.5,7.8,7.5,0.9,4.2,7.6
URW64091.1,SARS 2,Africa,6.2,3.5,3.5,7,3.1,3.7,4.9,6.5,1.3,6,8.4,4.9,4.9,6.1,4.5,7.7,7.5,0.9,4.2,7.6
URW64103.1,SARS 2,Africa,6.2,3.5,3.5,7,3.1,3.7,4.9,6.5,1.3,6,8.4,4.9,4.9,6,4.5,7.8,7.5,0.9,4.2,7.6
URW64115.1,SARS 2,Africa,6.2,3.5,3.5,7,3.1,3.7,4.9,6.5,1.3,6,8.4,4.9,4.9,6,4.5,7.8,7.5,0.9,4.2,7.6
URW64127.1,SARS 2,Africa,6.2,3.5,3.5,7,3.1,3.5,5,6.5,1.3,6,8.4,4.9,4.9,6,4.5,7.8,7.5,0.9,4.2,7.6
URW64139.1,SARS 2,Africa,6.2,3.5,3.5,7,3.1,3.7,4.9,6.5,1.3,6,8.4,4.9,4.9,6,4.5,7.8,7.5,0.9,4.2,7.6
URW64151.1,SARS 2,Africa,6.2,3.5,3.5,7,3.1,3.7,4.9,6.5,1.3,6,8.4,4.9,4.9,6,4.5,7.8,7.5,0.9,4.2,7.6
URW64163.1,SARS 2,Africa,6.2,3.5,3.5,7,3.1,3.7,4.9,6.5,1.3,6,8.4,4.9,4.9,6,4.5,7.8,7.5,0.9,4.2,7.6
URW64175.1,SARS 2,Africa,6.1,3.5,3.5,7,3.2,3.7,4.9,6.5,1.3,6,8.4,4.9,4.9,6,4.5,7.8,7.5,0.9,4.3,7.6
URW64187.1,SARS 2,Africa,6.2,3.5,3.5,7,3.1,3.6,4.9,6.5,1.3,6,8.4,4.9,4.9,6,4.5,7.8,7.5,0.9,4.2,7.6
URW64199.1,SARS 2,Africa,6.2,3.5,3.5,7,3.1,3.7,4.9,6.5,1.3,6,8.4,4.9,4.9,6,4.5,7.8,7.5,0.9,4.2,7.6
URW64211.1,SARS 2,Africa,6.2,3.5,3.5,7,3.1,3.6,4.9,6.5,1.3,6,8.4,4.9,4.9,6,4.5,7.8,7.5,0.9,4.2,7.6
URW64223.1,SARS 2,Africa,6.2,3.5,3.5,7,3.1,3.6,4.9,6.5,1.3,6,8.4,4.9,4.9,6,4.5,7.8,7.5,0.9,4.2,7.6
URW64235.1,SARS 2,Africa,6.2,3.5,3.5,7,3.1,3.6,4.9,6.5,1.3,6,8.3,4.9,4.9,6.1,4.5,7.8,7.5,0.9,4.2,7.6
URW64247.1,SARS 2,Africa,6.2,3.5,3.5,7,3.1,3.7,4.9,6.5,1.3,6,8.4,4.9,4.9,6,4.5,7.8,7.5,0.9,4.2,7.6
URW64259.1,SARS 2,Africa,6.2,3.5,3.5,7,3.1,3.7,4.9,6.5,1.3,6,8.4,4.9,4.9,6,4.5,7.8,7.5,0.9,4.2,7.6
URW64271.1,SARS 2,Africa,6.2,3.5,3.5,7,3.1,3.7,4.9,6.5,1.3,6,8.4,4.9,4.9,6,4.5,7.8,7.5,0.9,4.2,7.6
URW64283.1,SARS 2,Africa,6.2,3.5,3.5,7,3.1,3.7,4.9,6.5,1.3,6,8.4,4.9,4.9,6,4.5,7.8,7.5,0.9,4.2,7.6
URW64295.1,SARS 2,Africa,6.2,3.5,3.5,7,3.1,3.7,4.9,6.5,1.3,6.1,8.3,4.9,4.9,6,4.5,7.8,7.5,0.9,4.2,7.6
URW64307.1,SARS 2,Africa,6.2,3.5,3.5,7,3.1,3.6,4.9,6.5,1.3,6,8.4,4.9,4.9,6,4.5,7.8,7.5,0.9,4.2,7.6
URW64319.1,SARS 2,Africa,6.2,3.5,3.5,7,3.1,3.7,4.9,6.5,1.3,6,8.4,4.9,4.9,6,4.5,7.8,7.5,0.9,4.2,7.6
URW64331.1,SARS 2,Africa,6.2,3.5,3.5,7,3.1,3.7,4.9,6.5,1.3,6,8.4,4.9,4.9,6,4.5,7.8,7.5,0.9,4.2,7.6
URN52625.1,SARS 2,Africa,6.3,3.4,3.4,6.7,3.2,3.7,4.7,6.5,1.4,6.1,8.4,5.1,5.1,6.2,4.4,7.7,7.4,0.9,4.4,7.6
URN52637.1,SARS 2,Africa,6.2,3.5,3.5,7,3.1,3.7,4.9,6.5,1.3,6.1,8.4,4.9,4.9,6,4.5,7.8,7.4,0.9,4.2,7.6
URN52649.1,SARS 2,Africa,6.3,3.4,3.4,6.8,3.1,3.7,4.6,6.5,1.5,6.1,8.4,5.1,5.1,6.2,4.4,7.6,7.4,0.9,4.4,7.6
URN52661.1,SARS 2,Africa,6.2,3.4,3.4,6.8,3.1,3.8,4.9,6.5,1.3,6,8.5,4.9,4.9,6,4.5,7.8,7.6,0.9,4.3,7.6
URN52733.1,SARS 2,Africa,6.1,3.3,3.3,6.9,3.1,3.7,4.9,6.6,1.3,6,8.3,4.8,4.8,6.1,4.6,7.8,7.6,0.9,4.3,7.7
URN52745.1,SARS 2,Africa,6.3,3.4,3.4,6.8,3.1,3.7,4.6,6.5,1.5,6.1,8.4,5.1,5.1,6.2,4.4,7.6,7.4,0.9,4.4,7.6
URN52757.1,SARS 2,Africa,6.3,3.4,3.4,6.8,3.2,3.7,4.7,6.5,1.5,6.1,8.4,5.1,5.1,6.2,4.4,7.6,7.4,0.9,4.3,7.5
URN52769.1,SARS 2,Africa,6.1,3.3,3.3,6.9,3.1,3.7,4.9,6.6,1.3,6,8.3,4.8,4.8,6.1,4.6,7.8,7.6,0.9,4.3,7.7
URN52781.1,SARS 2,Africa,6.2,3.5,3.5,7,3.1,3.7,4.9,6.5,1.3,6,8.4,4.9,4.9,6,4.5,7.8,7.5,0.9,4.3,7.6
URN52793.1,SARS 2,Africa,6.1,3.3,3.3,6.9,3.1,3.7,4.9,6.6,1.3,6,8.3,4.8,4.8,6.1,4.6,7.8,7.6,0.9,4.3,7.7
URN52805.1,SARS 2,Africa,6.3,3.4,3.4,6.8,3.1,3.7,4.6,6.5,1.5,6.1,8.4,5.1,5.1,6.2,4.3,7.7,7.4,0.9,4.4,7.6
URN52817.1,SARS 2,Africa,6.3,3.4,3.4,6.7,3.2,3.7,4.7,6.4,1.4,6.1,8.4,5.1,5.1,6.2,4.4,7.8,7.4,0.9,4.4,7.6
URN52829.1,SARS 2,Africa,6.1,3.5,3.5,7,3.1,3.7,4.9,6.5,1.3,6,8.5,4.9,4.9,6,4.5,7.8,7.5,0.9,4.2,7.6
URN52841.1,SARS 2,Africa,6.3,3.4,3.4,6.8,3.1,3.7,4.6,6.5,1.5,6.1,8.4,5.1,5.1,6.2,4.4,7.6,7.4,0.9,4.4,7.6
URN52865.1,SARS 2,Africa,6.1,3.3,3.3,6.9,3.1,3.7,4.9,6.6,1.3,6,8.3,4.8,4.8,6.1,4.6,7.9,7.6,0.9,4.3,7.7
URN52889.1,SARS 2,Africa,6.1,3.5,3.5,7,3.1,3.7,4.9,6.5,1.3,6.1,8.4,4.9,4.9,6,4.5,7.8,7.4,0.9,4.2,7.7
URN52901.1,SARS 2,Africa,6.2,3.4,3.4,6.8,3.1,3.8,4.9,6.5,1.3,6,8.5,4.9,4.9,6,4.5,7.8,7.6,0.9,4.3,7.6
URN52925.1,SARS 2,Africa,6.2,3.5,3.5,7,3.1,3.7,4.9,6.5,1.3,6,8.4,4.9,4.9,6,4.5,7.8,7.5,0.9,4.2,7.6
URN52972.1,SARS 2,Africa,6.1,3.3,3.3,6.9,3.1,3.7,4.9,6.6,1.3,6,8.3,4.8,4.8,6.1,4.6,7.8,7.6,0.9,4.3,7.7
URN52984.1,SARS 2,Africa,6.2,3.5,3.5,7,3.1,3.7,4.9,6.5,1.3,6.1,8.4,4.9,4.9,6,4.5,7.8,7.4,0.9,4.2,7.6
URN52996.1,SARS 2,Africa,6.1,3.3,3.3,6.9,3.1,3.7,4.9,6.6,1.3,6,8.3,4.8,4.8,6.1,4.6,7.8,7.6,0.9,4.3,7.7
URN53008.1,SARS 2,Africa,6.2,3.5,3.5,7,3.1,3.7,4.9,6.5,1.3,6,8.4,4.9,4.9,6,4.5,7.8,7.5,0.9,4.2,7.6
URN53020.1,SARS 2,Africa,6.2,3.5,3.5,7,3.1,3.7,4.9,6.5,1.3,6.1,8.4,4.9,4.9,6,4.5,7.8,7.4,0.9,4.2,7.6
URN53080.1,SARS 2,Africa,6.1,3.5,3.5,7,3.1,3.7,4.9,6.5,1.3,6,8.5,4.9,4.9,6,4.5,7.8,7.5,0.9,4.2,7.6
URN53092.1,SARS 2,Africa,6.2,3.3,3.3,6.9,3.1,3.8,4.9,6.5,1.4,6.1,8.5,4.8,4.8,6.1,4.5,7.7,7.6,0.9,4.3,7.6
URN53104.1,SARS 2,Africa,6.2,3.5,3.5,7,3.1,3.7,4.9,6.5,1.3,6,8.4,4.9,4.9,6,4.5,7.8,7.5,0.9,4.2,7.6
URN53128.1,SARS 2,Africa,6.3,3.4,3.4,6.8,3.1,3.7,4.6,6.5,1.5,6.1,8.5,5.1,5.1,6.2,4.4,7.6,7.4,0.9,4.4,7.6
URN53140.1,SARS 2,Africa,6.3,3.4,3.4,6.8,3.1,3.7,4.6,6.5,1.5,6.1,8.4,5.1,5.1,6.2,4.4,7.6,7.4,0.9,4.4,7.6
URN53152.1,SARS 2,Africa,6.3,3.4,3.4,6.8,3.1,3.7,4.6,6.5,1.5,6.1,8.4,5.1,5.1,6.2,4.4,7.6,7.4,0.9,4.4,7.6
URN53200.1,SARS 2,Africa,6.3,3.4,3.4,6.8,3.2,3.7,4.7,6.5,1.4,6.1,8.4,5.1,5.1,6.2,4.4,7.6,7.4,0.9,4.4,7.6
URN53248.1,SARS 2,Africa,6.1,3.3,3.3,6.9,3.1,3.7,4.9,6.6,1.3,6,8.3,4.8,4.8,6.1,4.6,7.8,7.6,0.9,4.3,7.7
URN53260.1,SARS 2,Africa,6.1,3.3,3.3,6.9,3.1,3.7,4.9,6.6,1.3,6,8.3,4.8,4.8,6.1,4.6,7.8,7.6,0.9,4.3,7.7
URN53272.1,SARS 2,Africa,6.3,3.4,3.4,6.8,3.2,3.7,4.7,6.5,1.4,6.1,8.4,5.1,5.1,6.2,4.4,7.6,7.4,0.9,4.4,7.5
URN53308.1,SARS 2,Africa,6.3,3.4,3.4,6.8,3.1,3.7,4.6,6.5,1.5,6.1,8.4,5.1,5.1,6.2,4.4,7.6,7.4,0.9,4.4,7.6
URN53344.1,SARS 2,Africa,6.3,3.4,3.4,6.8,3.1,3.7,4.6,6.5,1.5,6.1,8.4,5.1,5.1,6.2,4.4,7.6,7.4,0.9,4.4,7.6
URN53356.1,SARS 2,Africa,6.3,3.4,3.4,6.8,3.2,3.7,4.7,6.5,1.4,6.1,8.4,5.1,5.1,6.2,4.4,7.6,7.4,0.9,4.4,7.5
URN53368.1,SARS 2,Africa,6.3,3.4,3.4,6.8,3.1,3.7,4.6,6.5,1.5,6.1,8.4,5.1,5.1,6.2,4.4,7.6,7.4,0.9,4.4,7.6
URN53380.1,SARS 2,Africa,6.3,3.3,3.3,6.7,3.2,3.7,4.7,6.5,1.4,6.1,8.4,5.1,5.1,6.2,4.4,7.8,7.4,0.9,4.4,7.6
URN53392.1,SARS 2,Africa,6.3,3.4,3.4,6.8,3.1,3.7,4.6,6.5,1.5,6.1,8.4,5.1,5.1,6.2,4.4,7.6,7.4,0.9,4.4,7.6
URN53440.1,SARS 2,Africa,6.3,3.4,3.4,6.8,3.1,3.7,4.6,6.5,1.5,6.1,8.4,5.1,5.1,6.2,4.5,7.6,7.4,0.9,4.4,7.6
URN53452.1,SARS 2,Africa,6.3,3.4,3.4,6.8,3.1,3.7,4.6,6.5,1.5,6.1,8.4,5.1,5.1,6.2,4.4,7.6,7.4,0.9,4.4,7.6
URN53476.1,SARS 2,Africa,6.3,3.4,3.4,6.8,3.1,3.7,4.6,6.5,1.5,6.1,8.4,5.1,5.1,6.2,4.5,7.6,7.4,0.9,4.4,7.6
URN53534.1,SARS 2,Africa,6.3,3.4,3.4,6.8,3.1,3.7,4.6,6.5,1.5,6.1,8.4,5.1,5.1,6.3,4.4,7.6,7.4,0.9,4.4,7.6
URN53546.1,SARS 2,Africa,6.3,3.4,3.4,6.7,3.2,3.7,4.7,6.5,1.4,6.1,8.4,5.1,5.1,6.2,4.4,7.7,7.4,0.9,4.4,7.6
URN53582.1,SARS 2,Africa,6.2,3.5,3.5,7,3.1,3.7,4.9,6.5,1.3,6.1,8.4,4.9,4.9,6,4.5,7.8,7.4,0.9,4.2,7.6
URN53594.1,SARS 2,Africa,6.3,3.4,3.4,6.8,3.1,3.7,4.6,6.5,1.5,6.1,8.4,5.1,5.1,6.2,4.4,7.6,7.4,0.9,4.4,7.6
URN53642.1,SARS 2,Africa,6.3,3.4,3.4,6.8,3.1,3.7,4.6,6.5,1.5,6.1,8.5,5.1,5.1,6.2,4.4,7.6,7.4,0.9,4.4,7.6
URN53929.1,SARS 2,Africa,6.3,3.4,3.4,6.8,3.1,3.7,4.6,6.5,1.5,6.1,8.4,5.1,5.1,6.2,4.4,7.6,7.4,0.9,4.4,7.6
URN54013.1,SARS 2,Africa,6.2,3.3,3.3,6.9,3.1,3.8,4.9,6.5,1.3,6,8.5,4.8,4.8,6,4.6,7.8,7.6,0.9,4.2,7.6
URN54025.1,SARS 2,Africa,6.2,3.3,3.3,6.9,3.1,3.8,4.9,6.5,1.3,6,8.5,4.8,4.8,6,4.6,7.8,7.6,0.9,4.2,7.6
URN54037.1,SARS 2,Africa,6.1,3.3,3.3,6.9,3.1,3.7,4.9,6.6,1.3,6,8.3,4.8,4.8,6.1,4.6,7.9,7.6,0.9,4.3,7.7
URN54180.1,SARS 2,Africa,6.3,3.4,3.4,6.8,3.2,3.7,4.7,6.5,1.4,6.1,8.4,5.1,5.1,6.2,4.4,7.6,7.4,0.9,4.4,7.5
URN54274.1,SARS 2,Africa,6.3,3.4,3.4,6.8,3.2,3.7,4.7,6.5,1.4,6.1,8.4,5.1,5.1,6.2,4.4,7.6,7.4,0.9,4.4,7.6
URN54286.1,SARS 2,Africa,6.3,3.4,3.4,6.8,3.2,3.7,4.7,6.5,1.4,6.1,8.4,5.1,5.1,6.2,4.4,7.6,7.4,0.9,4.4,7.6
URN54332.1,SARS 2,Africa,6.3,3.4,3.4,6.8,3.2,3.7,4.7,6.5,1.4,6.1,8.4,5.1,5.1,6.2,4.4,7.6,7.4,0.9,4.4,7.5
URN54414.1,SARS 2,Africa,6.2,3.5,3.5,7,3.1,3.7,4.9,6.5,1.3,6,8.4,4.9,4.9,6,4.5,7.8,7.5,0.9,4.2,7.6
URN54426.1,SARS 2,Africa,6.2,3.5,3.5,7,3.1,3.7,4.9,6.5,1.3,6,8.4,4.9,4.9,6,4.5,7.8,7.5,0.9,4.2,7.6
URN54462.1,SARS 2,Africa,6.2,3.5,3.5,7,3.1,3.7,4.9,6.5,1.3,6.1,8.4,4.9,4.9,6,4.5,7.8,7.4,0.9,4.2,7.6
URN54474.1,SARS 2,Africa,6.2,3.5,3.5,7,3.1,3.7,4.9,6.5,1.3,6,8.4,4.9,4.9,6,4.5,7.8,7.5,0.9,4.2,7.6
URN54486.1,SARS 2,Africa,6.2,3.5,3.5,7,3.1,3.7,4.9,6.5,1.3,6,8.4,4.9,4.9,6,4.5,7.8,7.5,0.9,4.2,7.6
URN54498.1,SARS 2,Africa,6.1,3.5,3.5,7,3.1,3.7,4.9,6.5,1.3,6,8.4,4.9,4.9,6,4.5,7.9,7.4,0.9,4.2,7.7
URN54546.1,SARS 2,Africa,6.2,3.5,3.5,7,3.1,3.7,4.9,6.5,1.3,6,8.4,4.9,4.9,6,4.5,7.8,7.5,0.9,4.2,7.6
URN54558.1,SARS 2,Africa,6.2,3.5,3.5,7,3.1,3.7,4.9,6.5,1.3,6.1,8.4,4.9,4.9,6,4.5,7.8,7.4,0.9,4.2,7.6
URN54570.1,SARS 2,Africa,6.1,3.5,3.5,7,3.1,3.7,4.9,6.5,1.3,6,8.4,4.9,4.9,6,4.5,7.9,7.4,0.9,4.2,7.7
URN54582.1,SARS 2,Africa,6.1,3.5,3.5,7,3.1,3.7,4.9,6.5,1.3,6,8.4,4.9,4.9,6,4.5,7.9,7.4,0.9,4.2,7.7
URN54594.1,SARS 2,Africa,6.2,3.5,3.5,7,3.1,3.7,4.9,6.5,1.3,6.1,8.4,4.9,4.9,6,4.5,7.8,7.4,0.9,4.2,7.6
URN54618.1,SARS 2,Africa,6.1,3.5,3.5,7,3.1,3.7,4.9,6.5,1.3,6,8.5,4.9,4.9,6,4.5,7.8,7.5,0.9,4.2,7.6
URN54642.1,SARS 2,Africa,6.2,3.5,3.5,7,3.1,3.7,4.9,6.5,1.3,6.1,8.4,4.9,4.9,6,4.5,7.8,7.4,0.9,4.2,7.6
YP_009724390.1,SARS 2,Asia,6.2,3.3,3.3,6.9,3.1,3.8,4.9,6.4,1.3,6,8.5,4.8,4.8,6,4.6,7.8,7.6,0.9,4.2,7.6
USI55192.1,SARS 2,Asia,6.2,3.3,3.3,6.9,3.1,3.8,4.9,6.4,1.3,6,8.5,4.8,4.8,6,4.6,7.8,7.6,0.9,4.2,7.6
BDM62373.1,SARS 2,Asia,6.3,3.4,3.4,6.8,3.1,3.7,4.6,6.5,1.5,6.1,8.4,5.1,5.1,6.2,4.4,7.6,7.4,0.9,4.4,7.6
BDM62385.1,SARS 2,Asia,6.3,3.4,3.4,6.8,3.1,3.7,4.6,6.5,1.5,6.1,8.4,5.1,5.1,6.2,4.4,7.6,7.4,0.9,4.4,7.6
BDM62396.1,SARS 2,Asia,6.3,3.4,3.4,6.8,3.1,3.7,4.6,6.5,1.5,6.1,8.5,5.1,5.1,6.1,4.4,7.6,7.4,0.9,4.4,7.6
BDM62408.1,SARS 2,Asia,6.3,3.4,3.4,6.8,3.1,3.8,4.6,6.5,1.5,6.1,8.4,5.1,5.1,6.2,4.4,7.6,7.4,0.9,4.4,7.6
BDM62420.1,SARS 2,Asia,6.3,3.4,3.4,6.8,3.1,3.7,4.6,6.5,1.5,6.1,8.4,5.1,5.1,6.2,4.4,7.6,7.4,0.9,4.4,7.6
BDM62432.1,SARS 2,Asia,6.3,3.4,3.4,6.8,3.1,3.8,4.6,6.5,1.5,6.1,8.4,5.1,5.1,6.2,4.4,7.6,7.4,0.9,4.4,7.6
BDM62444.1,SARS 2,Asia,6.3,3.4,3.4,6.8,3.1,3.7,4.6,6.5,1.5,6.1,8.4,5.1,5.1,6.2,4.4,7.6,7.4,0.9,4.4,7.6
BDM62456.1,SARS 2,Asia,6.3,3.4,3.4,6.8,3.1,3.7,4.6,6.5,1.5,6.1,8.3,5.1,5.1,6.3,4.4,7.6,7.4,0.9,4.4,7.6
BDM62468.1,SARS 2,Asia,6.3,3.4,3.4,6.9,3.1,3.7,4.6,6.5,1.5,6.1,8.4,5.1,5.1,6.2,4.4,7.6,7.4,0.9,4.4,7.6
BDM62479.1,SARS 2,Asia,6.3,3.4,3.4,6.8,3.1,3.7,4.6,6.5,1.5,6.1,8.4,5.1,5.1,6.2,4.4,7.6,7.4,0.9,4.4,7.6
BDM62491.1,SARS 2,Asia,6.3,3.4,3.4,6.8,3.1,3.8,4.6,6.5,1.5,6.1,8.4,5.1,5.1,6.2,4.4,7.6,7.3,0.9,4.4,7.6
BDM62503.1,SARS 2,Asia,6.3,3.4,3.4,6.8,3.1,3.7,4.6,6.5,1.5,6.1,8.4,5.1,5.1,6.2,4.4,7.6,7.4,0.9,4.4,7.6
BDM62515.1,SARS 2,Asia,6.3,3.4,3.4,6.8,3.1,3.8,4.6,6.5,1.5,6.1,8.4,5.1,5.1,6.2,4.4,7.6,7.4,0.9,4.4,7.6
BDM62527.1,SARS 2,Asia,6.3,3.4,3.4,6.9,3.1,3.7,4.6,6.5,1.5,6.1,8.4,5.1,5.1,6.2,4.4,7.6,7.4,0.9,4.4,7.6
BDM62539.1,SARS 2,Asia,6.3,3.4,3.4,6.9,3.1,3.7,4.6,6.5,1.5,6.1,8.4,5.1,5.1,6.2,4.4,7.6,7.4,0.9,4.4,7.6
USG48774.1,SARS 2,Asia,6.3,3.4,3.4,6.8,3.1,3.7,4.6,6.5,1.5,6.1,8.4,5.1,5.1,6.2,4.4,7.6,7.4,0.9,4.4,7.6
USG48786.1,SARS 2,Asia,6.3,3.4,3.4,6.8,3.1,3.7,4.6,6.5,1.5,6.1,8.4,5.1,5.1,6.2,4.4,7.6,7.4,0.9,4.4,7.6
USG48822.1,SARS 2,Asia,6.3,3.4,3.4,6.8,3.1,3.7,4.6,6.5,1.5,6.1,8.4,5.1,5.1,6.2,4.4,7.6,7.4,0.9,4.4,7.6
USG48941.1,SARS 2,Asia,6.3,3.4,3.4,6.8,3.1,3.7,4.6,6.5,1.5,6.1,8.4,5.1,5.1,6.2,4.4,7.6,7.4,0.9,4.4,7.6
USG48953.1,SARS 2,Asia,6.3,3.4,3.4,6.8,3.1,3.7,4.6,6.5,1.5,6.1,8.4,5.1,5.1,6.2,4.4,7.6,7.4,0.9,4.4,7.6
USG48977.1,SARS 2,Asia,6.4,3.4,3.4,6.8,3.1,3.7,4.6,6.5,1.5,6.1,8.4,5.1,5.1,6.2,4.4,7.6,7.4,0.9,4.4,7.6
USG49001.1,SARS 2,Asia,6.4,3.4,3.4,6.8,3.1,3.7,4.6,6.5,1.5,6.1,8.4,5.1,5.1,6.2,4.4,7.6,7.4,0.9,4.4,7.6
USG49025.1,SARS 2,Asia,6.3,3.4,3.4,6.8,3.1,3.7,4.6,6.5,1.5,6.1,8.4,5.1,5.1,6.2,4.4,7.6,7.4,0.9,4.4,7.6
USG49097.1,SARS 2,Asia,6.3,3.4,3.4,6.7,3.1,3.7,4.6,6.5,1.5,6.1,8.4,5.1,5.1,6.2,4.4,7.6,7.4,0.9,4.4,7.6
USG49109.1,SARS 2,Asia,6.3,3.4,3.4,6.8,3.1,3.7,4.6,6.5,1.5,6.1,8.4,5.1,5.1,6.2,4.4,7.6,7.4,0.9,4.4,7.6
USG49133.1,SARS 2,Asia,6.3,3.4,3.4,6.8,3.1,3.7,4.6,6.5,1.5,6.1,8.4,5.1,5.1,6.2,4.3,7.7,7.4,0.9,4.4,7.6
USG49192.1,SARS 2,Asia,6.3,3.4,3.4,6.8,3.1,3.7,4.6,6.5,1.5,6.1,8.4,5.1,5.1,6.2,4.4,7.6,7.4,0.9,4.4,7.6
USG49228.1,SARS 2,Asia,6.3,3.4,3.4,6.8,3.1,3.7,4.6,6.5,1.5,6.1,8.4,5.1,5.1,6.2,4.4,7.6,7.4,0.9,4.4,7.6
USG49252.1,SARS 2,Asia,6.3,3.4,3.4,6.8,3.1,3.7,4.6,6.5,1.5,6.1,8.4,5.1,5.1,6.2,4.4,7.6,7.4,0.9,4.4,7.6
USG49300.1,SARS 2,Asia,6.3,3.4,3.4,6.8,3.1,3.7,4.6,6.5,1.5,6.1,8.4,5.1,5.1,6.2,4.4,7.6,7.4,0.9,4.4,7.6
USG49336.1,SARS 2,Asia,6.3,3.4,3.4,6.8,3.1,3.7,4.6,6.5,1.5,6.1,8.4,5.1,5.1,6.2,4.4,7.6,7.4,0.9,4.4,7.6
USG49348.1,SARS 2,Asia,6.3,3.4,3.4,6.8,3.1,3.7,4.6,6.5,1.5,6.1,8.4,5.1,5.1,6.2,4.4,7.6,7.4,0.9,4.4,7.6
USG49420.1,SARS 2,Asia,6.3,3.4,3.4,6.8,3.1,3.7,4.6,6.5,1.5,6.1,8.4,5.1,5.1,6.2,4.4,7.6,7.4,0.9,4.4,7.6
USG49432.1,SARS 2,Asia,6.3,3.4,3.4,6.8,3.1,3.7,4.6,6.5,1.5,6.1,8.4,5.1,5.1,6.2,4.4,7.6,7.4,0.9,4.4,7.6
USG49480.1,SARS 2,Asia,6.3,3.4,3.4,6.8,3.1,3.7,4.6,6.5,1.5,6.1,8.4,5.1,5.1,6.2,4.4,7.6,7.4,0.9,4.4,7.6
USG49492.1,SARS 2,Asia,6.3,3.4,3.4,6.8,3.1,3.7,4.6,6.5,1.5,6.1,8.4,5.1,5.1,6.3,4.4,7.6,7.4,0.9,4.4,7.6
USG49516.1,SARS 2,Asia,6.3,3.4,3.4,6.8,3.1,3.7,4.6,6.5,1.5,6.1,8.4,5.1,5.1,6.2,4.4,7.6,7.4,0.9,4.4,7.6
USG49528.1,SARS 2,Asia,6.3,3.4,3.4,6.8,3.1,3.7,4.6,6.5,1.5,6.1,8.4,5.1,5.1,6.2,4.4,7.6,7.4,0.9,4.4,7.6
USG49563.1,SARS 2,Asia,6.3,3.4,3.4,6.8,3.1,3.7,4.6,6.5,1.5,6.1,8.4,5.1,5.1,6.2,4.4,7.6,7.4,0.9,4.4,7.6
USG49575.1,SARS 2,Asia,6.3,3.4,3.4,6.8,3.1,3.7,4.6,6.5,1.5,6.1,8.4,5.1,5.1,6.2,4.4,7.6,7.4,0.9,4.4,7.6
USG49587.1,SARS 2,Asia,6.3,3.4,3.4,6.8,3.1,3.7,4.6,6.5,1.5,6.1,8.4,5.1,5.1,6.2,4.4,7.6,7.4,0.9,4.4,7.6
USG49850.1,SARS 2,Asia,6.3,3.4,3.4,6.8,3.1,3.7,4.6,6.5,1.5,6.1,8.4,5.1,5.1,6.2,4.4,7.6,7.4,0.9,4.4,7.6
USG49874.1,SARS 2,Asia,6.3,3.4,3.4,6.8,3.1,3.7,4.6,6.5,1.5,6.1,8.5,5.1,5.1,6.2,4.4,7.6,7.4,0.9,4.4,7.5
USG50126.1,SARS 2,Asia,6.3,3.4,3.4,6.8,3.1,3.7,4.6,6.5,1.5,6.1,8.4,5.1,5.1,6.2,4.4,7.6,7.4,0.9,4.4,7.6
USG50280.1,SARS 2,Asia,6.3,3.4,3.4,6.8,3.1,3.7,4.6,6.5,1.5,6.1,8.4,5.1,5.1,6.3,4.4,7.6,7.4,0.9,4.4,7.5
USG50292.1,SARS 2,Asia,6.3,3.4,3.4,6.8,3.1,3.7,4.6,6.5,1.5,6.1,8.4,5.1,5.1,6.2,4.4,7.6,7.4,0.9,4.4,7.6
USG50316.1,SARS 2,Asia,6.3,3.4,3.4,6.8,3.1,3.7,4.6,6.5,1.5,6.1,8.4,5.1,5.1,6.2,4.4,7.6,7.4,0.9,4.4,7.6
USG50400.1,SARS 2,Asia,6.3,3.4,3.4,6.8,3.1,3.7,4.6,6.5,1.5,6.1,8.4,5.1,5.1,6.2,4.4,7.6,7.4,0.9,4.4,7.6
USG50448.1,SARS 2,Asia,6.3,3.4,3.4,6.8,3.1,3.7,4.6,6.5,1.5,6.1,8.4,5.1,5.1,6.2,4.4,7.6,7.4,0.9,4.4,7.6
USG50520.1,SARS 2,Asia,6.3,3.4,3.4,6.8,3.1,3.7,4.6,6.5,1.5,6.1,8.4,5.1,5.1,6.2,4.4,7.6,7.4,0.9,4.4,7.6
USG50532.1,SARS 2,Asia,6.3,3.4,3.4,6.8,3.1,3.7,4.6,6.5,1.5,6.1,8.4,5.1,5.1,6.2,4.4,7.6,7.4,0.9,4.4,7.6
USG50567.1,SARS 2,Asia,6.3,3.4,3.4,6.8,3.1,3.7,4.6,6.5,1.5,6.1,8.4,5.1,5.1,6.2,4.4,7.6,7.4,0.9,4.4,7.6
USG50591.1,SARS 2,Asia,6.3,3.5,3.5,6.8,3.1,3.7,4.6,6.5,1.5,6.1,8.4,5.1,5.1,6.2,4.4,7.6,7.3,0.9,4.4,7.6
USG50603.1,SARS 2,Asia,6.3,3.4,3.4,6.8,3.1,3.7,4.6,6.5,1.5,6.1,8.4,5.1,5.1,6.2,4.4,7.6,7.4,0.9,4.4,7.6
USG50627.1,SARS 2,Asia,6.3,3.4,3.4,6.8,3.1,3.7,4.6,6.5,1.5,6.1,8.4,5.1,5.1,6.2,4.4,7.6,7.4,0.9,4.4,7.6
USG50671.1,SARS 2,Asia,6.3,3.4,3.4,6.8,3.1,3.7,4.6,6.5,1.5,6.1,8.4,5.1,5.1,6.2,4.4,7.6,7.4,0.9,4.4,7.6
USG50683.1,SARS 2,Asia,6.3,3.4,3.4,6.8,3.1,3.7,4.6,6.5,1.5,6.1,8.4,5.1,5.1,6.2,4.4,7.6,7.4,0.9,4.4,7.6
USG50707.1,SARS 2,Asia,6.2,3.4,3.4,6.8,3.1,3.7,4.6,6.5,1.5,6.1,8.4,5.1,5.1,6.2,4.4,7.7,7.4,0.9,4.4,7.6
USG50743.1,SARS 2,Asia,6.3,3.4,3.4,6.8,3.1,3.8,4.6,6.5,1.5,6.1,8.4,5.1,5.1,6.2,4.4,7.6,7.4,0.9,4.4,7.6
USG50755.1,SARS 2,Asia,6.3,3.4,3.4,6.8,3.1,3.7,4.6,6.5,1.5,6.1,8.4,5.2,5.2,6.2,4.4,7.6,7.4,0.9,4.4,7.6
USG50767.1,SARS 2,Asia,6.3,3.4,3.4,6.8,3.1,3.7,4.6,6.5,1.5,6.1,8.4,5.1,5.1,6.2,4.4,7.6,7.4,0.9,4.4,7.6
USG50803.1,SARS 2,Asia,6.3,3.4,3.4,6.8,3.2,3.7,4.7,6.5,1.4,6.1,8.4,5.1,5.1,6.2,4.4,7.6,7.4,0.9,4.4,7.5
USG50838.1,SARS 2,Asia,6.3,3.4,3.4,6.8,3.1,3.7,4.6,6.5,1.5,6.1,8.4,5.1,5.1,6.2,4.4,7.6,7.4,0.9,4.4,7.6
USG50861.1,SARS 2,Asia,6.3,3.4,3.4,6.8,3.1,3.7,4.6,6.5,1.5,6.1,8.4,5.1,5.1,6.2,4.4,7.6,7.4,0.9,4.4,7.6
USG50895.1,SARS 2,Asia,6.3,3.4,3.4,6.8,3.1,3.7,4.6,6.5,1.5,6.1,8.4,5.1,5.1,6.2,4.4,7.6,7.4,0.9,4.4,7.6
USG51026.1,SARS 2,Asia,6.2,3.4,3.4,6.5,3.1,3.9,4.6,6.2,1.4,6.1,8.3,5.4,5.4,6.3,4.6,7.6,7.4,0.9,4.3,7.6
USG51062.1,SARS 2,Asia,6.3,3.4,3.4,6.8,3.1,3.7,4.6,6.5,1.5,6.1,8.4,5.1,5.1,6.2,4.4,7.6,7.4,0.9,4.4,7.6
USG51086.1,SARS 2,Asia,6.3,3.4,3.4,6.8,3.1,3.7,4.6,6.5,1.5,6.1,8.4,5.1,5.1,6.2,4.4,7.6,7.4,0.9,4.4,7.6
USG51110.1,SARS 2,Asia,6.3,3.4,3.4,6.7,3.1,3.7,4.6,6.5,1.5,6.1,8.4,5.1,5.1,6.2,4.4,7.6,7.5,0.9,4.4,7.6
USG51134.1,SARS 2,Asia,6.3,3.4,3.4,6.8,3.1,3.7,4.6,6.5,1.5,6.1,8.4,5.1,5.1,6.2,4.4,7.6,7.4,0.9,4.4,7.6
USG51229.1,SARS 2,Asia,6.3,3.4,3.4,6.8,3.1,3.7,4.6,6.5,1.5,6.1,8.4,5.1,5.1,6.2,4.4,7.6,7.4,0.9,4.4,7.6
USG51241.1,SARS 2,Asia,6.3,3.4,3.4,6.8,3.1,3.7,4.6,6.5,1.5,6.1,8.4,5.1,5.1,6.2,4.4,7.6,7.4,0.9,4.4,7.6
USG51265.1,SARS 2,Asia,6.3,3.4,3.4,6.8,3.1,3.7,4.6,6.5,1.5,6.1,8.4,5.1,5.1,6.3,4.4,7.6,7.4,0.9,4.4,7.5
BDM20075.1,SARS 2,Asia,6.2,3.5,3.5,7,3.1,3.7,4.9,6.5,1.3,6.1,8.4,4.9,4.9,6,4.5,7.8,7.4,0.9,4.2,7.6
BDM20087.1,SARS 2,Asia,6.2,3.5,3.5,7,3.1,3.7,4.9,6.5,1.3,6.1,8.4,4.9,4.9,6,4.5,7.8,7.4,0.9,4.2,7.6
BDM20099.1,SARS 2,Asia,6.2,3.5,3.5,7,3.1,3.7,4.9,6.5,1.3,6.1,8.4,4.9,4.9,6,4.5,7.8,7.4,0.9,4.2,7.6
BDM20111.1,SARS 2,Asia,6.2,3.5,3.5,7,3.1,3.7,4.9,6.5,1.3,6.1,8.4,4.9,4.9,6,4.5,7.8,7.4,0.9,4.2,7.6
BDM20123.1,SARS 2,Asia,6.2,3.5,3.5,7,3.1,3.7,4.9,6.5,1.3,6.1,8.4,4.9,4.9,6,4.5,7.8,7.4,0.9,4.2,7.6
BDM20135.1,SARS 2,Asia,6.2,3.5,3.5,7,3.1,3.7,4.9,6.5,1.3,6.1,8.4,4.9,4.9,6,4.5,7.8,7.4,0.9,4.2,7.6
BDM20147.1,SARS 2,Asia,6.2,3.5,3.5,7,3.1,3.7,4.9,6.5,1.3,6.1,8.4,4.9,4.9,6,4.5,7.8,7.4,0.9,4.2,7.6
BDM20159.1,SARS 2,Asia,6.2,3.5,3.5,7,3.1,3.7,4.9,6.5,1.3,6.1,8.4,4.9,4.9,6,4.5,7.8,7.4,0.9,4.2,7.6
USE63347.1,SARS 2,Asia,6.2,3.5,3.5,7,3.1,3.7,4.9,6.5,1.3,6,8.4,4.9,4.9,6,4.5,7.8,7.5,0.9,4.2,7.6
USE63359.1,SARS 2,Asia,6.1,3.5,3.5,7,3.1,3.7,4.9,6.5,1.3,6,8.4,4.9,4.9,6,4.5,7.8,7.5,0.9,4.2,7.7
USE63371.1,SARS 2,Asia,6.1,3.5,3.5,7,3.1,3.7,4.9,6.5,1.3,6,8.4,4.9,4.9,6,4.5,7.8,7.5,0.9,4.2,7.7
USE63383.1,SARS 2,Asia,6.1,3.5,3.5,7,3.1,3.7,4.9,6.5,1.3,6,8.4,4.9,4.9,6.1,4.5,7.7,7.5,0.9,4.2,7.7
USE63395.1,SARS 2,Asia,6.1,3.5,3.5,7,3.1,3.7,4.9,6.5,1.3,6,8.4,4.9,4.9,6,4.5,7.8,7.5,0.9,4.2,7.7
USE63407.1,SARS 2,Asia,6.1,3.5,3.5,7,3.1,3.7,4.9,6.5,1.3,6,8.4,4.9,4.9,6,4.6,7.8,7.4,0.9,4.2,7.7
USE63419.1,SARS 2,Asia,6.1,3.5,3.5,7,3.1,3.7,4.9,6.5,1.3,6,8.4,4.9,4.9,6,4.5,7.8,7.5,0.9,4.2,7.7
USE63431.1,SARS 2,Asia,6.1,3.5,3.5,7,3.1,3.7,4.9,6.5,1.3,6,8.4,4.9,4.9,6,4.5,7.8,7.5,0.9,4.2,7.7
USE63443.1,SARS 2,Asia,6.1,3.5,3.5,7,3.1,3.7,4.9,6.5,1.3,6,8.4,4.9,4.9,6,4.5,7.8,7.5,0.9,4.2,7.7
USE63455.1,SARS 2,Asia,6.1,3.5,3.5,7,3.1,3.7,4.9,6.5,1.3,6,8.4,4.9,4.9,6,4.5,7.8,7.5,0.9,4.2,7.7
USE63467.1,SARS 2,Asia,6.1,3.5,3.5,7,3.1,3.7,4.9,6.5,1.3,6,8.4,4.9,4.9,6,4.5,7.8,7.5,0.9,4.2,7.7
USE63479.1,SARS 2,Asia,6.1,3.5,3.5,7,3.1,3.7,4.9,6.5,1.3,6,8.4,4.9,4.9,6,4.5,7.8,7.5,0.9,4.2,7.7
USE63491.1,SARS 2,Asia,6.1,3.5,3.5,7,3.1,3.7,4.9,6.5,1.3,6,8.4,4.9,4.9,6,4.5,7.8,7.5,0.9,4.2,7.7
USE63503.1,SARS 2,Asia,6.1,3.5,3.5,7,3.1,3.7,4.9,6.5,1.3,6,8.4,4.9,4.9,6,4.5,7.8,7.5,0.9,4.2,7.7
USE63515.1,SARS 2,Asia,6.1,3.5,3.5,7,3.1,3.7,4.9,6.5,1.3,6,8.4,4.9,4.9,6,4.5,7.8,7.5,0.9,4.2,7.7
USE63527.1,SARS 2,Asia,6.1,3.5,3.5,7,3.1,3.7,4.9,6.5,1.3,6,8.4,4.9,4.9,6,4.5,7.8,7.5,0.9,4.2,7.8
USE63539.1,SARS 2,Asia,6.1,3.5,3.5,7,3.1,3.7,4.9,6.5,1.3,6,8.4,4.9,4.9,6,4.5,7.8,7.5,0.9,4.2,7.7
USE63551.1,SARS 2,Asia,6.1,3.5,3.5,7,3.1,3.7,4.9,6.5,1.3,6,8.4,4.9,4.9,6,4.5,7.8,7.5,0.9,4.2,7.7
USE63563.1,SARS 2,Asia,6.1,3.5,3.5,7,3.1,3.7,4.9,6.5,1.3,6,8.4,4.9,4.9,6,4.5,7.8,7.5,0.9,4.2,7.7
USE63575.1,SARS 2,Asia,6.1,3.5,3.5,7,3.1,3.7,4.9,6.5,1.3,6,8.4,4.9,4.9,6,4.5,7.8,7.5,0.9,4.2,7.7
USE63587.1,SARS 2,Asia,6.1,3.5,3.5,7,3.1,3.7,4.9,6.5,1.3,6,8.4,4.9,4.9,6,4.5,7.8,7.5,0.9,4.2,7.7
USE63599.1,SARS 2,Asia,6.1,3.5,3.5,7,3.1,3.7,4.9,6.5,1.3,6,8.4,4.8,4.8,6,4.5,7.8,7.5,0.9,4.2,7.7
USE63611.1,SARS 2,Asia,6.1,3.5,3.5,7,3.1,3.7,4.9,6.5,1.3,6.1,8.4,4.9,4.9,6,4.5,7.8,7.4,0.9,4.2,7.7
USE63623.1,SARS 2,Asia,6.1,3.5,3.5,7,3.1,3.7,4.9,6.5,1.3,6,8.4,4.9,4.9,6,4.5,7.8,7.5,0.9,4.2,7.7
USE63635.1,SARS 2,Asia,6.2,3.5,3.5,7,3.1,3.7,4.9,6.5,1.3,6,8.4,4.9,4.9,6,4.5,7.8,7.5,0.9,4.2,7.6
USE63647.1,SARS 2,Asia,6.1,3.5,3.5,7,3.1,3.7,4.9,6.5,1.3,6,8.4,4.9,4.9,6,4.5,7.8,7.5,0.9,4.2,7.7
USE63659.1,SARS 2,Asia,6.2,3.5,3.5,7,3.1,3.7,4.9,6.5,1.3,6,8.4,4.9,4.9,6,4.5,7.8,7.5,0.9,4.2,7.6
USE63671.1,SARS 2,Asia,6.1,3.5,3.5,7,3.1,3.7,4.9,6.5,1.3,6,8.4,4.9,4.9,6,4.5,7.8,7.5,0.9,4.2,7.7
USE63683.1,SARS 2,Asia,6.2,3.5,3.5,7,3.1,3.7,4.9,6.5,1.3,6,8.4,4.9,4.9,6,4.5,7.8,7.5,0.9,4.2,7.6
USE63695.1,SARS 2,Asia,6.2,3.5,3.5,7,3.1,3.7,4.9,6.5,1.3,6,8.4,4.9,4.9,6,4.5,7.8,7.5,0.9,4.2,7.6
USE63707.1,SARS 2,Asia,6.1,3.5,3.5,7,3.1,3.7,4.9,6.5,1.3,6,8.3,4.9,4.9,6.1,4.5,7.8,7.5,0.9,4.2,7.7
USE63719.1,SARS 2,Asia,6.1,3.5,3.5,7,3.1,3.7,4.9,6.5,1.3,6.1,8.4,4.9,4.9,6,4.5,7.8,7.4,0.9,4.2,7.7
USE63731.1,SARS 2,Asia,6.1,3.5,3.5,7,3.1,3.7,4.9,6.5,1.3,6,8.4,4.9,4.9,6,4.5,7.8,7.5,0.9,4.2,7.7
USE63743.1,SARS 2,Asia,6.1,3.5,3.5,7,3.1,3.7,4.9,6.5,1.3,6.1,8.5,4.9,4.9,6,4.5,7.8,7.4,0.9,4.2,7.6
USE63755.1,SARS 2,Asia,6.2,3.5,3.5,7,3.1,3.7,4.9,6.5,1.3,6,8.4,4.9,4.9,6,4.5,7.8,7.5,0.9,4.2,7.6
USE63767.1,SARS 2,Asia,6.1,3.5,3.5,7,3.1,3.7,4.9,6.5,1.3,6,8.4,4.9,4.9,6,4.5,7.8,7.5,0.9,4.2,7.8
USE63779.1,SARS 2,Asia,6.2,3.5,3.5,7,3.1,3.7,4.9,6.5,1.3,6,8.4,4.9,4.9,6,4.5,7.8,7.5,0.9,4.2,7.6
USE63791.1,SARS 2,Asia,6.2,3.5,3.5,7,3.1,3.7,4.9,6.5,1.3,6,8.4,4.9,4.9,6,4.5,7.8,7.5,0.9,4.2,7.7
USE63803.1,SARS 2,Asia,6.1,3.5,3.5,7,3.1,3.7,4.9,6.5,1.3,6,8.4,4.9,4.9,6,4.5,7.8,7.5,0.9,4.2,7.7
USE63815.1,SARS 2,Asia,6.1,3.5,3.5,7,3.1,3.7,4.9,6.5,1.3,6.1,8.3,4.8,4.8,6.1,4.5,7.8,7.4,0.9,4.3,7.7
USE63827.1,SARS 2,Asia,6.1,3.5,3.5,7,3.1,3.7,4.9,6.5,1.3,6,8.4,4.9,4.9,6,4.5,7.8,7.5,0.9,4.2,7.7
USE63839.1,SARS 2,Asia,6.1,3.5,3.5,7,3.1,3.7,4.9,6.5,1.3,6,8.4,4.9,4.9,6,4.5,7.8,7.5,0.9,4.2,7.7
USE63851.1,SARS 2,Asia,6.1,3.5,3.5,7,3.1,3.7,4.9,6.5,1.3,6,8.4,4.9,4.9,6,4.5,7.9,7.5,0.9,4.2,7.7
USE63863.1,SARS 2,Asia,6.1,3.5,3.5,7,3.1,3.7,4.9,6.5,1.3,6,8.4,4.9,4.9,6,4.5,7.8,7.5,0.9,4.2,7.7
USE63875.1,SARS 2,Asia,6.1,3.5,3.5,7,3.1,3.7,4.9,6.5,1.3,6,8.4,4.9,4.9,6,4.5,7.8,7.5,0.9,4.2,7.7
USE63887.1,SARS 2,Asia,6.1,3.5,3.5,7,3.1,3.7,4.9,6.5,1.3,6,8.4,4.9,4.9,6,4.5,7.8,7.5,0.9,4.2,7.7
USE63899.1,SARS 2,Asia,6.1,3.5,3.5,7,3.1,3.7,4.9,6.5,1.3,6,8.4,4.9,4.9,6,4.5,7.8,7.5,0.9,4.2,7.7
USE63911.1,SARS 2,Asia,6.1,3.5,3.5,7,3.1,3.7,4.9,6.5,1.3,6,8.4,4.9,4.9,6,4.5,7.8,7.5,0.9,4.2,7.7
USE63923.1,SARS 2,Asia,6.1,3.5,3.5,7,3.1,3.7,4.9,6.5,1.3,6,8.3,4.9,4.9,6.1,4.5,7.8,7.5,0.9,4.2,7.7
USE63935.1,SARS 2,Asia,6.1,3.5,3.5,7,3.1,3.7,4.9,6.5,1.3,6,8.4,4.9,4.9,6,4.5,7.8,7.5,0.9,4.2,7.7
USE63947.1,SARS 2,Asia,6.1,3.5,3.5,7,3.1,3.7,4.9,6.5,1.3,6,8.4,4.9,4.9,6,4.5,7.8,7.5,0.9,4.2,7.7
USE63959.1,SARS 2,Asia,6.1,3.5,3.5,7,3.1,3.7,4.9,6.5,1.3,6,8.4,4.9,4.9,6,4.5,7.8,7.5,0.9,4.2,7.7
USE63971.1,SARS 2,Asia,6.1,3.5,3.5,7,3.1,3.7,4.9,6.5,1.3,6.1,8.4,4.9,4.9,6,4.5,7.8,7.4,0.9,4.2,7.7
USE63983.1,SARS 2,Asia,6.1,3.5,3.5,7,3.1,3.7,4.9,6.5,1.3,6,8.4,4.9,4.9,6,4.5,7.8,7.5,0.9,4.2,7.7
USE63995.1,SARS 2,Asia,6.1,3.5,3.5,7,3.1,3.7,4.9,6.5,1.3,6,8.4,4.9,4.9,6,4.5,7.8,7.5,0.9,4.2,7.7
USE64007.1,SARS 2,Asia,6.1,3.5,3.5,7,3.1,3.7,4.9,6.5,1.3,6,8.4,4.9,4.9,6,4.5,7.8,7.5,0.9,4.2,7.7
USE64019.1,SARS 2,Asia,6.1,3.5,3.5,7,3.1,3.7,4.9,6.5,1.3,6,8.4,4.9,4.9,6,4.5,7.8,7.5,0.9,4.2,7.7
USE64031.1,SARS 2,Asia,6.1,3.5,3.5,7,3.1,3.7,4.9,6.5,1.3,6,8.4,4.9,4.9,6,4.5,7.8,7.5,0.9,4.2,7.7
USL48852.1,SARS 2,Europe,6.3,3.3,3.3,6.9,3.1,3.7,4.9,6.4,1.3,6,8.5,4.8,4.8,6.1,4.6,7.8,7.6,0.9,4.2,7.5
USE58760.1,SARS 2,Europe,6.2,3.3,3.3,6.9,3.1,3.8,4.9,6.5,1.3,6,8.5,4.8,4.8,6,4.6,7.8,7.6,0.9,4.2,7.6
USE58895.1,SARS 2,Europe,6.2,3.2,3.2,6.9,3.1,3.7,4.9,6.5,1.3,6,8.4,4.8,4.8,6.2,4.5,7.9,7.5,0.9,4.5,7.5
URK20635.1,SARS 2,Europe,6.2,3.2,3.2,6.9,3.2,3.8,4.9,6.4,1.3,5.9,8.6,4.8,4.8,6.1,4.6,7.8,7.5,0.9,4.3,7.6
UQT23145.1,SARS 2,Europe,6.2,3.3,3.3,6.9,3.1,3.8,4.9,6.5,1.3,6,8.5,4.8,4.8,6,4.6,7.8,7.6,0.9,4.2,7.6
UQT23157.1,SARS 2,Europe,6.2,3.3,3.3,6.8,3.1,3.8,4.9,6.5,1.3,6,8.5,4.9,4.9,6.1,4.6,7.8,7.6,0.9,4.2,7.6
UQT23171.1,SARS 2,Europe,6.1,3.3,3.3,6.9,3.1,3.7,4.9,6.6,1.3,6,8.3,4.8,4.8,6.1,4.6,7.8,7.6,0.9,4.3,7.7
UQT23194.1,SARS 2,Europe,6.2,3.5,3.5,6.9,3.1,3.7,4.9,6.6,1.3,6.1,8.4,4.9,4.9,6,4.5,7.8,7.4,0.9,4.2,7.6
UQT23206.1,SARS 2,Europe,6.2,3.4,3.4,6.9,3.1,3.6,4.9,6.5,1.4,6,8.4,4.9,4.9,6,4.5,7.8,7.5,1,4.2,7.6
UQT23222.1,SARS 2,Europe,6.2,3.5,3.5,6.5,3.1,3.9,4.6,6.2,1.4,6.1,8.4,5.3,5.3,6.2,4.6,7.6,7.4,0.9,4.3,7.6
UQT23234.1,SARS 2,Europe,6.3,3.3,3.3,6.8,3.1,3.7,4.6,6.5,1.5,6.1,8.4,5.1,5.1,6.2,4.4,7.6,7.4,1,4.4,7.6
UHM42592.1,SARS 2,South America,6.2,3.3,3.3,6.9,3.1,3.8,4.9,6.5,1.3,6,8.5,4.8,4.8,6,4.6,7.8,7.6,0.9,4.2,7.6
UHM42604.1,SARS 2,South America,6.2,3.3,3.3,6.9,3.1,3.8,4.9,6.5,1.3,6,8.5,4.8,4.8,6,4.6,7.8,7.6,0.9,4.2,7.6
UHM42616.1,SARS 2,South America,6.2,3.3,3.3,6.9,3.1,3.8,4.9,6.5,1.3,6,8.5,4.8,4.8,6,4.6,7.8,7.6,0.9,4.2,7.6
UHM42628.1,SARS 2,South America,6.2,3.3,3.3,6.9,3.1,3.8,4.9,6.5,1.3,6,8.5,4.8,4.8,6,4.6,7.8,7.6,0.9,4.2,7.6
UHM42640.1,SARS 2,South America,6.2,3.3,3.3,6.9,3.1,3.8,4.9,6.5,1.3,6,8.5,4.8,4.8,6,4.6,7.8,7.6,0.9,4.2,7.6
UHM42652.1,SARS 2,South America,6.2,3.3,3.3,6.9,3.1,3.8,4.9,6.5,1.3,6,8.5,4.8,4.8,6,4.6,7.8,7.6,0.9,4.2,7.6
UHM42664.1,SARS 2,South America,6.2,3.3,3.3,6.9,3.1,3.8,4.9,6.5,1.3,6,8.5,4.8,4.8,6,4.6,7.8,7.6,0.9,4.2,7.6
UHM42676.1,SARS 2,South America,6.2,3.3,3.3,6.9,3.1,3.8,4.9,6.5,1.3,6,8.5,4.8,4.8,6,4.6,7.8,7.6,0.9,4.2,7.6
UHM42688.1,SARS 2,South America,6.2,3.3,3.3,6.9,3.1,3.8,4.9,6.5,1.3,6,8.5,4.8,4.8,6,4.6,7.8,7.6,0.9,4.2,7.6
UHM42700.1,SARS 2,South America,6.2,3.3,3.3,6.9,3.1,3.8,4.9,6.5,1.3,6,8.5,4.8,4.8,6,4.6,7.8,7.6,0.9,4.2,7.6
UHM42712.1,SARS 2,South America,6.2,3.3,3.3,6.9,3.1,3.8,4.9,6.5,1.3,6,8.5,4.8,4.8,6,4.6,7.8,7.6,0.9,4.2,7.6
UHM42724.1,SARS 2,South America,6.2,3.3,3.3,6.9,3.1,3.8,4.9,6.5,1.3,6,8.5,4.8,4.8,6,4.6,7.8,7.6,0.9,4.2,7.6
UHM62911.1,SARS 2,South America,6.2,3.3,3.3,6.9,3.1,3.8,4.9,6.5,1.3,6,8.5,4.8,4.8,6,4.6,7.8,7.6,0.9,4.2,7.6
UHM62923.1,SARS 2,South America,6.2,3.3,3.3,6.9,3.1,3.8,4.9,6.5,1.3,6,8.5,4.8,4.8,6,4.6,7.8,7.6,0.9,4.2,7.6
UHM62935.1,SARS 2,South America,6.2,3.3,3.3,6.9,3.1,3.8,4.9,6.5,1.3,6,8.5,4.8,4.8,6,4.6,7.8,7.6,0.9,4.2,7.6
UHM62947.1,SARS 2,South America,6.2,3.3,3.3,6.9,3.1,3.8,4.9,6.5,1.3,6,8.5,4.8,4.8,6,4.6,7.8,7.6,0.9,4.2,7.6
URA47577.1,SARS 2,South America,6.2,3.2,3.2,6.9,3.1,3.7,4.9,6.5,1.3,6,8.4,4.8,4.8,6.2,4.5,7.9,7.5,0.9,4.5,7.5
URA47589.1,SARS 2,South America,6.1,3.2,3.2,6.9,3.1,3.7,4.9,6.5,1.3,6,8.4,4.8,4.8,6.3,4.5,7.9,7.5,0.9,4.5,7.5
URA47601.1,SARS 2,South America,6.2,3.2,3.2,6.9,3.1,3.7,4.9,6.5,1.3,6,8.4,4.8,4.8,6.2,4.5,7.9,7.5,0.9,4.5,7.5
URA47625.1,SARS 2,South America,6.2,3.2,3.2,6.9,3.1,3.6,4.9,6.5,1.3,6,8.4,4.8,4.8,6.2,4.5,7.9,7.5,0.9,4.5,7.5
URA47649.1,SARS 2,South America,6.2,3.2,3.2,6.9,3.1,3.7,4.9,6.5,1.3,6,8.4,4.8,4.8,6.2,4.5,7.9,7.5,0.9,4.5,7.5
URA47661.1,SARS 2,South America,6.2,3.2,3.2,6.9,3.1,3.6,4.9,6.5,1.3,6,8.4,4.8,4.8,6.2,4.5,7.9,7.5,0.9,4.5,7.5
URA47697.1,SARS 2,South America,6.2,3.2,3.2,6.9,3.1,3.7,4.9,6.5,1.3,6,8.4,4.8,4.8,6.2,4.5,7.9,7.5,0.9,4.5,7.5
URA47709.1,SARS 2,South America,6.2,3.2,3.2,6.9,3.1,3.6,4.9,6.5,1.3,6,8.4,4.8,4.8,6.2,4.5,7.9,7.5,0.9,4.5,7.5
URA47721.1,SARS 2,South America,6.2,3.2,3.2,6.9,3.1,3.7,4.9,6.5,1.3,6,8.4,4.8,4.8,6.2,4.5,7.9,7.5,0.9,4.5,7.5
URA47733.1,SARS 2,South America,6.2,3.2,3.2,6.9,3.1,3.7,4.9,6.5,1.3,6,8.4,4.8,4.8,6.2,4.5,7.9,7.5,0.9,4.5,7.5
URA47745.1,SARS 2,South America,6.1,3.2,3.2,6.9,3.1,3.7,4.9,6.5,1.3,6,8.4,4.8,4.8,6.2,4.5,8,7.5,0.9,4.5,7.5
URA47757.1,SARS 2,South America,6.2,3.2,3.2,6.9,3.1,3.7,4.9,6.5,1.3,6,8.4,4.8,4.8,6.2,4.5,7.9,7.5,0.9,4.5,7.5
URA47769.1,SARS 2,South America,6.2,3.2,3.2,6.9,3.1,3.7,4.9,6.5,1.3,6,8.4,4.8,4.8,6.2,4.5,7.9,7.5,0.9,4.5,7.5
URA47781.1,SARS 2,South America,6.2,3.2,3.2,6.9,3.1,3.7,4.9,6.5,1.3,6,8.4,4.8,4.8,6.2,4.5,7.9,7.5,0.9,4.5,7.5
URA47805.1,SARS 2,South America,6.2,3.2,3.2,6.9,3.1,3.7,4.9,6.5,1.3,6,8.4,4.8,4.8,6.2,4.5,7.9,7.5,0.9,4.5,7.5
URA47829.1,SARS 2,South America,6.2,3.2,3.2,6.9,3.1,3.7,4.9,6.5,1.3,6,8.4,4.8,4.8,6.2,4.5,7.9,7.5,0.9,4.5,7.5
URA47888.1,SARS 2,South America,6.2,3.2,3.2,6.9,3.1,3.7,4.9,6.5,1.3,6,8.4,4.8,4.8,6.2,4.5,7.9,7.5,0.9,4.5,7.5
URA47900.1,SARS 2,South America,6.2,3.2,3.2,6.9,3.1,3.7,4.9,6.5,1.3,6,8.4,4.8,4.8,6.2,4.5,7.9,7.5,0.9,4.5,7.5
URA47912.1,SARS 2,South America,6.2,3.2,3.2,6.9,3.1,3.7,4.9,6.5,1.3,6,8.4,4.8,4.8,6.2,4.5,7.9,7.5,0.9,4.5,7.5
URA47924.1,SARS 2,South America,6.2,3.2,3.2,6.9,3.1,3.7,4.8,6.5,1.3,6,8.4,4.8,4.8,6.2,4.5,7.9,7.5,0.9,4.5,7.5
URA47972.1,SARS 2,South America,6.2,3.2,3.2,6.9,3.1,3.7,4.9,6.5,1.3,6.1,8.4,4.8,4.8,6.3,4.5,7.9,7.5,0.9,4.4,7.5
URA48020.1,SARS 2,South America,6.2,3.2,3.2,6.9,3.1,3.7,4.9,6.5,1.3,6,8.4,4.8,4.8,6.2,4.5,7.9,7.5,0.9,4.5,7.5
URA48032.1,SARS 2,South America,6.2,3.2,3.2,6.9,3.1,3.7,4.9,6.5,1.3,6,8.4,4.8,4.8,6.2,4.5,7.9,7.5,0.9,4.5,7.5
URA48068.1,SARS 2,South America,6.2,3.2,3.2,6.9,3.1,3.7,4.9,6.5,1.3,6,8.4,4.8,4.8,6.2,4.5,7.9,7.5,0.9,4.5,7.5
URA48080.1,SARS 2,South America,6.2,3.2,3.2,6.9,3.1,3.7,4.9,6.5,1.3,6,8.4,4.8,4.8,6.2,4.5,7.9,7.5,0.9,4.5,7.5
URA48092.1,SARS 2,South America,6.1,3.2,3.2,6.9,3.1,3.7,4.9,6.5,1.3,6,8.4,4.8,4.8,6.2,4.5,8,7.5,0.9,4.5,7.5
URA48127.1,SARS 2,South America,6.2,3.2,3.2,6.9,3.1,3.7,4.9,6.5,1.3,6,8.4,4.8,4.8,6.2,4.5,7.9,7.5,0.9,4.5,7.5
URA48209.1,SARS 2,South America,6.2,3.2,3.2,6.9,3.1,3.7,4.9,6.5,1.3,6,8.4,4.8,4.8,6.2,4.5,7.9,7.5,0.9,4.5,7.5
URA48221.1,SARS 2,South America,6.2,3.2,3.2,6.9,3.1,3.6,4.9,6.5,1.3,6,8.4,4.8,4.8,6.2,4.5,7.9,7.5,0.9,4.5,7.5
URA48257.1,SARS 2,South America,6.2,3.2,3.2,6.9,3.1,3.7,4.9,6.5,1.3,6,8.4,4.8,4.8,6.2,4.5,7.9,7.5,0.9,4.5,7.5
URA48305.1,SARS 2,South America,6.2,3.2,3.2,6.9,3.1,3.7,4.9,6.5,1.3,6,8.4,4.8,4.8,6.2,4.5,7.9,7.5,0.9,4.5,7.5
URA48341.1,SARS 2,South America,6.2,3.2,3.2,6.9,3.1,3.7,4.9,6.5,1.3,6,8.4,4.8,4.8,6.2,4.5,7.9,7.5,0.9,4.5,7.5
URA48353.1,SARS 2,South America,6.2,3.2,3.2,6.9,3.1,3.7,4.9,6.5,1.3,6,8.4,4.8,4.8,6.2,4.5,7.9,7.5,0.9,4.5,7.5
URA48482.1,SARS 2,South America,6.2,3.2,3.2,6.9,3.1,3.6,4.9,6.5,1.3,6,8.4,4.8,4.8,6.2,4.5,7.9,7.5,0.9,4.5,7.5
URA48565.1,SARS 2,South America,6.2,3.2,3.2,6.9,3.1,3.7,4.9,6.5,1.3,6,8.4,4.8,4.8,6.2,4.5,7.9,7.5,0.9,4.5,7.5
URA48624.1,SARS 2,South America,6.2,3.2,3.2,6.9,3.1,3.7,4.9,6.5,1.3,6,8.4,4.8,4.8,6.3,4.4,7.9,7.5,0.9,4.5,7.5
URA48659.1,SARS 2,South America,6.2,3.2,3.2,6.9,3.1,3.7,4.9,6.5,1.3,6,8.4,4.8,4.8,6.2,4.5,7.9,7.5,0.9,4.5,7.5
URA48719.1,SARS 2,South America,6.2,3.2,3.2,6.9,3.1,3.7,4.9,6.5,1.3,6,8.4,4.8,4.8,6.2,4.5,7.9,7.5,0.9,4.5,7.5
URA48755.1,SARS 2,South America,6.2,3.2,3.2,6.9,3.1,3.6,4.9,6.5,1.3,6,8.4,4.8,4.8,6.2,4.5,7.9,7.5,0.9,4.5,7.5
URA48814.1,SARS 2,South America,6.2,3.2,3.2,6.9,3.1,3.6,4.9,6.5,1.3,6,8.4,4.8,4.8,6.2,4.5,7.9,7.5,0.9,4.5,7.5
URA48826.1,SARS 2,South America,6.2,3.2,3.2,6.9,3.1,3.7,4.9,6.4,1.3,6,8.4,4.8,4.8,6.2,4.5,7.9,7.5,0.9,4.5,7.6
URA48838.1,SARS 2,South America,6.2,3.2,3.2,6.9,3.1,3.7,4.9,6.5,1.3,6,8.4,4.8,4.8,6.2,4.5,7.9,7.5,0.9,4.5,7.5
URA48862.1,SARS 2,South America,6.2,3.2,3.2,6.9,3.1,3.7,4.9,6.5,1.3,6,8.5,4.8,4.8,6.2,4.5,7.9,7.5,0.9,4.5,7.5
URA48874.1,SARS 2,South America,6.2,3.2,3.2,6.9,3.1,3.7,4.9,6.5,1.3,6.1,8.4,4.8,4.8,6.2,4.5,7.9,7.5,0.9,4.5,7.5
URA48898.1,SARS 2,South America,6.2,3.2,3.2,6.9,3.1,3.7,4.9,6.5,1.3,6,8.4,4.8,4.8,6.2,4.5,7.9,7.5,0.9,4.5,7.5
URA48969.1,SARS 2,South America,6.2,3.2,3.2,7.1,3.1,3.7,4.9,6.5,1.3,6,8.4,4.6,4.6,6.2,4.5,7.9,7.5,0.9,4.5,7.5
URA49005.1,SARS 2,South America,6.2,3.2,3.2,6.9,3.1,3.7,4.9,6.5,1.3,6,8.4,4.8,4.8,6.2,4.5,7.9,7.5,0.9,4.5,7.5
URA49065.1,SARS 2,South America,6.2,3.2,3.2,6.9,3.2,3.7,4.9,6.4,1.3,6,8.4,4.8,4.8,6.2,4.5,7.9,7.5,0.9,4.5,7.5
URA49137.1,SARS 2,South America,6.2,3.2,3.2,6.9,3.1,3.7,4.9,6.5,1.3,6,8.5,4.8,4.8,6.2,4.5,7.9,7.5,0.9,4.5,7.5
URA49161.1,SARS 2,South America,6.2,3.2,3.2,6.9,3.1,3.7,4.9,6.5,1.3,6,8.4,4.8,4.8,6.3,4.5,7.9,7.5,0.9,4.5,7.5
URA49185.1,SARS 2,South America,6.2,3.2,3.2,6.9,3.1,3.7,4.9,6.5,1.3,6,8.4,4.8,4.8,6.2,4.5,7.9,7.5,0.9,4.5,7.5
URA49231.1,SARS 2,South America,6.2,3.2,3.2,6.9,3.1,3.7,4.9,6.5,1.3,6,8.4,4.8,4.8,6.2,4.5,7.9,7.5,0.9,4.5,7.5
URA49433.1,SARS 2,South America,6.2,3.2,3.2,6.9,3.1,3.7,4.9,6.5,1.3,6,8.4,4.8,4.8,6.2,4.5,7.9,7.5,0.9,4.5,7.5
URA49480.1,SARS 2,South America,6.2,3.2,3.2,6.9,3.1,3.7,4.9,6.5,1.3,6,8.4,4.8,4.8,6.2,4.5,7.9,7.5,0.9,4.5,7.5
URA49540.1,SARS 2,South America,6.2,3.2,3.2,6.9,3.1,3.7,4.9,6.5,1.3,6,8.4,4.8,4.8,6.2,4.5,7.9,7.5,0.9,4.5,7.5
URA49552.1,SARS 2,South America,6.2,3.2,3.2,6.9,3.1,3.7,4.9,6.5,1.3,6,8.4,4.8,4.8,6.2,4.5,7.9,7.5,0.9,4.5,7.5
URA49564.1,SARS 2,South America,6.2,3.2,3.2,6.9,3.1,3.7,4.9,6.5,1.3,6,8.4,4.8,4.8,6.2,4.5,7.9,7.5,0.9,4.5,7.5
URA49576.1,SARS 2,South America,6.2,3.2,3.2,6.9,3.1,3.7,4.8,6.5,1.3,6,8.4,4.8,4.8,6.2,4.5,7.9,7.5,0.9,4.5,7.5
URA49741.1,SARS 2,South America,6.2,3.2,3.2,6.9,3.1,3.7,4.9,6.5,1.3,6,8.4,4.8,4.8,6.2,4.5,7.9,7.5,0.9,4.5,7.5
URA49789.1,SARS 2,South America,6.2,3.2,3.2,6.9,3.1,3.7,4.9,6.5,1.3,6,8.4,4.8,4.8,6.2,4.5,7.9,7.5,0.9,4.5,7.5
URA49801.1,SARS 2,South America,6.2,3.2,3.2,6.9,3.1,3.7,4.9,6.5,1.3,6,8.4,4.8,4.8,6.2,4.5,7.9,7.5,0.9,4.5,7.5
URA49837.1,SARS 2,South America,6.2,3.2,3.2,6.9,3.1,3.7,4.9,6.5,1.3,6,8.4,4.8,4.8,6.2,4.5,7.9,7.5,0.9,4.5,7.5
URA49885.1,SARS 2,South America,6.2,3.2,3.2,6.9,3.1,3.7,4.9,6.5,1.3,6,8.5,4.8,4.8,6.2,4.5,7.9,7.5,0.9,4.5,7.5
URA50002.1,SARS 2,South America,6.2,3.2,3.2,6.9,3.1,3.7,4.9,6.5,1.3,6,8.4,4.8,4.8,6.2,4.5,7.9,7.5,0.9,4.5,7.5
URA50014.1,SARS 2,South America,6.2,3.2,3.2,6.9,3.1,3.7,4.9,6.5,1.3,6,8.4,4.8,4.8,6.2,4.5,7.9,7.5,0.9,4.5,7.5
URA50062.1,SARS 2,South America,6.2,3.2,3.2,6.9,3.1,3.7,4.9,6.5,1.3,6,8.4,4.8,4.8,6.2,4.4,7.9,7.5,0.9,4.5,7.5
URA50098.1,SARS 2,South America,6.2,3.2,3.2,6.9,3.1,3.7,4.8,6.5,1.4,6,8.4,4.8,4.8,6.2,4.4,7.9,7.5,0.9,4.5,7.5
URA50181.1,SARS 2,South America,6.2,3.2,3.2,6.9,3.1,3.7,4.9,6.5,1.3,6,8.4,4.8,4.8,6.2,4.5,7.9,7.5,0.9,4.5,7.5
URA50345.1,SARS 2,South America,6.2,3.2,3.2,6.9,3.1,3.7,4.9,6.5,1.3,6,8.4,4.8,4.8,6.2,4.5,7.9,7.5,0.9,4.5,7.5
URA50369.1,SARS 2,South America,6.2,3.2,3.2,6.9,3.1,3.7,4.9,6.5,1.3,6,8.4,4.8,4.8,6.2,4.5,7.9,7.5,0.9,4.5,7.5
URA50440.1,SARS 2,South America,6.2,3.2,3.2,6.9,3.1,3.7,4.9,6.5,1.3,6,8.4,4.8,4.8,6.2,4.5,7.9,7.5,0.9,4.5,7.5
URA50500.1,SARS 2,South America,6.2,3.2,3.2,6.9,3.1,3.7,4.9,6.5,1.3,6,8.4,4.8,4.8,6.2,4.5,7.9,7.5,0.9,4.5,7.5
URA50704.1,SARS 2,South America,6.2,3.2,3.2,6.9,3.1,3.7,4.9,6.5,1.3,6,8.4,4.8,4.8,6.2,4.5,7.9,7.5,0.9,4.5,7.5
URA50716.1,SARS 2,South America,6.2,3.2,3.2,6.9,3.1,3.7,4.9,6.5,1.3,6,8.4,4.8,4.8,6.2,4.5,7.9,7.5,0.9,4.5,7.5
URA50752.1,SARS 2,South America,6.2,3.2,3.2,6.9,3.1,3.7,4.9,6.5,1.3,6,8.4,4.8,4.8,6.2,4.5,7.9,7.5,0.9,4.5,7.5
URA50764.1,SARS 2,South America,6.2,3.2,3.2,6.9,3.1,3.7,4.9,6.5,1.3,6,8.4,4.8,4.8,6.2,4.5,7.9,7.5,0.9,4.5,7.5
URA50776.1,SARS 2,South America,6.2,3.2,3.2,6.9,3.1,3.7,4.9,6.5,1.3,6,8.4,4.8,4.8,6.2,4.5,7.9,7.5,0.9,4.5,7.5
URA50788.1,SARS 2,South America,6.2,3.2,3.2,6.9,3.1,3.7,4.9,6.5,1.3,6,8.4,4.8,4.8,6.2,4.5,7.9,7.5,0.9,4.5,7.5
URA50800.1,SARS 2,South America,6.2,3.2,3.2,6.9,3.1,3.7,4.9,6.5,1.3,6,8.4,4.8,4.8,6.2,4.5,7.9,7.5,0.9,4.5,7.5
URA50824.1,SARS 2,South America,6.2,3.2,3.2,6.9,3.1,3.6,4.9,6.5,1.3,6,8.4,4.8,4.8,6.2,4.5,7.9,7.5,0.9,4.5,7.5
URA50918.1,SARS 2,South America,6.2,3.2,3.2,6.9,3.1,3.7,4.9,6.5,1.3,6,8.4,4.8,4.8,6.2,4.5,7.9,7.5,0.9,4.5,7.5
URA50930.1,SARS 2,South America,6.2,3.2,3.2,6.9,3.1,3.7,4.9,6.5,1.3,6,8.4,4.8,4.8,6.2,4.5,7.9,7.5,0.9,4.5,7.5
URA50942.1,SARS 2,South America,6.2,3.2,3.2,6.9,3.1,3.6,4.9,6.5,1.3,6,8.4,4.8,4.8,6.2,4.5,7.9,7.5,0.9,4.5,7.5
URA50966.1,SARS 2,South America,6.2,3.2,3.2,6.9,3.1,3.7,4.9,6.5,1.3,6,8.4,4.8,4.8,6.2,4.5,7.9,7.5,0.9,4.5,7.5
URA51038.1,SARS 2,South America,6.2,3.2,3.2,6.9,3.1,3.7,4.9,6.5,1.3,6,8.4,4.8,4.8,6.2,4.5,7.9,7.5,0.9,4.5,7.5
URA51062.1,SARS 2,South America,6.2,3.2,3.2,6.9,3.1,3.7,4.9,6.4,1.3,6,8.4,4.8,4.8,6.3,4.5,7.9,7.5,0.9,4.5,7.5
URA51086.1,SARS 2,South America,6.3,3.2,3.2,6.9,3.1,3.7,4.9,6.4,1.3,6,8.4,4.8,4.8,6.2,4.5,7.9,7.5,0.9,4.5,7.5
URA51110.1,SARS 2,South America,6.2,3.2,3.2,6.9,3.1,3.7,4.9,6.5,1.3,6,8.4,4.8,4.8,6.2,4.5,7.9,7.5,0.9,4.5,7.5
URA51134.1,SARS 2,South America,6.2,3.2,3.2,6.9,3.1,3.7,4.9,6.5,1.3,6,8.4,4.8,4.8,6.2,4.5,7.9,7.5,0.9,4.5,7.5
URA51146.1,SARS 2,South America,6.2,3.2,3.2,6.9,3.1,3.7,4.9,6.5,1.3,6,8.4,4.8,4.8,6.2,4.5,7.9,7.5,0.9,4.5,7.5
URA51158.1,SARS 2,South America,6.2,3.2,3.2,6.9,3.1,3.7,4.9,6.5,1.3,6,8.4,4.8,4.8,6.2,4.5,7.9,7.5,0.9,4.5,7.5
URA51253.1,SARS 2,South America,6.2,3.2,3.2,6.9,3.1,3.7,4.9,6.5,1.3,6,8.4,4.8,4.8,6.2,4.5,7.9,7.5,0.9,4.5,7.5
URA51265.1,SARS 2,South America,6.2,3.2,3.2,6.9,3.1,3.7,4.9,6.5,1.3,6,8.4,4.8,4.8,6.2,4.5,7.9,7.5,0.9,4.5,7.5
URA51277.1,SARS 2,South America,6.2,3.2,3.2,6.9,3.1,3.6,4.9,6.5,1.3,6,8.4,4.8,4.8,6.2,4.5,7.9,7.5,0.9,4.5,7.5
URA51301.1,SARS 2,South America,6.2,3.2,3.2,6.9,3.1,3.7,4.9,6.5,1.3,6,8.4,4.8,4.8,6.2,4.5,7.9,7.5,0.9,4.5,7.5
URA51313.1,SARS 2,South America,6.2,3.2,3.2,6.9,3.1,3.7,4.9,6.5,1.3,6.1,8.3,4.8,4.8,6.2,4.5,7.9,7.5,0.9,4.5,7.6
URA51325.1,SARS 2,South America,6.2,3.2,3.2,6.9,3.1,3.7,4.9,6.5,1.3,6,8.4,4.8,4.8,6.2,4.5,7.9,7.5,0.9,4.5,7.5
URA51385.1,SARS 2,South America,6.2,3.2,3.2,6.9,3.1,3.7,4.9,6.5,1.3,6,8.4,4.8,4.8,6.2,4.5,7.9,7.5,0.9,4.5,7.5
URA51407.1,SARS 2,South America,6.2,3.2,3.2,6.9,3.1,3.7,4.9,6.5,1.3,6,8.4,4.8,4.8,6.2,4.5,7.9,7.5,0.9,4.5,7.5
URA51419.1,SARS 2,South America,6.3,3.2,3.2,6.9,3.1,3.7,4.9,6.5,1.3,6,8.4,4.8,4.8,6.2,4.5,7.9,7.5,0.9,4.5,7.5
URA51455.1,SARS 2,South America,6.2,3.2,3.2,6.9,3.1,3.7,4.9,6.5,1.3,6,8.4,4.8,4.8,6.2,4.5,7.9,7.5,0.9,4.5,7.5
URA51491.1,SARS 2,South America,6.2,3.2,3.2,6.9,3.1,3.7,4.9,6.5,1.3,6,8.4,4.8,4.8,6.2,4.4,8,7.5,0.9,4.5,7.5
URA51526.1,SARS 2,South America,6.2,3.2,3.2,6.9,3.1,3.7,4.9,6.5,1.3,6,8.4,4.8,4.8,6.2,4.5,7.9,7.5,0.9,4.5,7.5
URA51538.1,SARS 2,South America,6.2,3.2,3.2,6.9,3.1,3.6,4.9,6.5,1.3,6,8.4,4.8,4.8,6.2,4.5,7.9,7.5,0.9,4.5,7.5
URA51550.1,SARS 2,South America,6.2,3.2,3.2,6.9,3.1,3.6,4.9,6.5,1.3,6.1,8.4,4.8,4.8,6.2,4.5,7.9,7.5,0.9,4.5,7.5
URA51562.1,SARS 2,South America,6.2,3.2,3.2,6.9,3.1,3.7,4.9,6.5,1.3,6,8.4,4.8,4.8,6.2,4.5,7.9,7.5,0.9,4.5,7.5
URA51574.1,SARS 2,South America,6.1,3.2,3.2,6.9,3.1,3.7,4.9,6.5,1.3,6,8.4,4.8,4.8,6.2,4.5,8,7.5,0.9,4.5,7.5
URA51586.1,SARS 2,South America,6.2,3.2,3.2,6.9,3.1,3.7,4.9,6.5,1.3,6,8.4,4.8,4.8,6.2,4.5,7.9,7.5,0.9,4.5,7.5
URA51610.1,SARS 2,South America,6.2,3.2,3.2,6.9,3.1,3.7,4.9,6.5,1.3,6,8.4,4.8,4.8,6.2,4.5,7.9,7.5,0.9,4.5,7.5
URA51622.1,SARS 2,South America,6.2,3.3,3.3,6.9,3.1,3.7,4.9,6.5,1.3,6,8.3,4.8,4.8,6.2,4.5,7.9,7.5,0.9,4.5,7.5
URA51634.1,SARS 2,South America,6.2,3.2,3.2,6.9,3.1,3.7,4.9,6.5,1.3,6,8.4,4.8,4.8,6.2,4.5,7.9,7.5,0.9,4.5,7.5
URA51657.1,SARS 2,South America,6.2,3.2,3.2,6.9,3.1,3.7,4.9,6.5,1.3,6,8.4,4.8,4.8,6.2,4.5,7.9,7.5,0.9,4.5,7.5
URA51681.1,SARS 2,South America,6.2,3.2,3.2,6.9,3.1,3.7,4.8,6.5,1.3,6,8.4,4.8,4.8,6.2,4.5,7.9,7.6,0.9,4.5,7.5
URA51726.1,SARS 2,South America,6.2,3.2,3.2,6.9,3.1,3.6,4.9,6.5,1.3,6,8.4,4.8,4.8,6.2,4.5,7.9,7.5,0.9,4.5,7.5
URA51738.1,SARS 2,South America,6.2,3.2,3.2,6.9,3.1,3.7,4.9,6.4,1.3,6,8.4,4.8,4.8,6.4,4.5,7.9,7.5,0.9,4.5,7.5
URA51750.1,SARS 2,South America,6.2,3.2,3.2,6.9,3.2,3.7,4.9,6.5,1.3,6,8.4,4.8,4.8,6.2,4.5,7.9,7.5,0.9,4.5,7.5
URA51762.1,SARS 2,South America,6.2,3.2,3.2,6.9,3.1,3.7,4.9,6.5,1.3,6,8.4,4.8,4.8,6.2,4.5,7.9,7.5,0.9,4.5,7.5
URA51774.1,SARS 2,South America,6.2,3.1,3.1,6.9,3.1,3.7,4.9,6.5,1.3,6,8.4,4.8,4.8,6.2,4.5,7.9,7.5,0.9,4.5,7.5
URA51786.1,SARS 2,South America,6.1,3.2,3.2,6.8,3.1,3.7,4.9,6.5,1.3,6,8.4,4.8,4.8,6.2,4.6,7.9,7.6,0.9,4.5,7.5
URA51822.1,SARS 2,South America,6.2,3.2,3.2,6.9,3.1,3.7,4.9,6.5,1.3,6,8.5,4.8,4.8,6.2,4.5,7.9,7.5,0.9,4.5,7.5
URA51882.1,SARS 2,South America,6.2,3.2,3.2,6.9,3.1,3.7,4.9,6.5,1.3,6,8.4,4.8,4.8,6.2,4.5,7.9,7.5,0.9,4.5,7.5
URA51906.1,SARS 2,South America,6.2,3.2,3.2,6.9,3.1,3.7,4.9,6.5,1.3,6,8.4,4.8,4.8,6.2,4.5,7.9,7.5,0.9,4.5,7.5
URA51918.1,SARS 2,South America,6.2,3.2,3.2,6.9,3.1,3.6,4.9,6.5,1.3,6,8.4,4.8,4.8,6.2,4.5,7.9,7.5,0.9,4.5,7.5
URA51966.1,SARS 2,South America,6.1,3.2,3.2,6.9,3.1,3.7,4.9,6.5,1.3,6,8.4,4.8,4.8,6.2,4.5,8,7.5,0.9,4.5,7.5
URA52002.1,SARS 2,South America,6.2,3.2,3.2,6.9,3.1,3.6,4.9,6.5,1.3,6,8.4,4.8,4.8,6.2,4.5,7.9,7.5,0.9,4.5,7.5
URA52086.1,SARS 2,South America,6.2,3.2,3.2,6.9,3.1,3.7,4.9,6.5,1.3,6,8.4,4.8,4.8,6.2,4.5,7.9,7.5,0.9,4.5,7.5
URA52193.1,SARS 2,South America,6.2,3.2,3.2,6.9,3.1,3.7,4.9,6.5,1.3,6,8.4,4.8,4.8,6.2,4.5,7.9,7.5,0.9,4.5,7.5
URA52313.1,SARS 2,South America,6.2,3.2,3.2,6.9,3.1,3.7,4.9,6.5,1.3,6,8.4,4.8,4.8,6.2,4.4,7.9,7.5,0.9,4.5,7.5
URA52347.1,SARS 2,South America,6.2,3.2,3.2,6.9,3.1,3.7,4.9,6.5,1.3,6,8.4,4.8,4.8,6.2,4.5,7.9,7.5,0.9,4.5,7.5
URA52359.1,SARS 2,South America,6.2,3.2,3.2,6.9,3.1,3.7,4.9,6.5,1.3,6,8.4,4.8,4.8,6.2,4.5,7.9,7.5,0.9,4.5,7.5
URA52525.1,SARS 2,South America,6.2,3.2,3.2,6.9,3.1,3.7,4.9,6.5,1.3,6,8.4,4.8,4.8,6.2,4.5,7.9,7.5,0.9,4.5,7.5
URA52549.1,SARS 2,South America,6.2,3.2,3.2,6.9,3.1,3.7,4.9,6.5,1.3,6,8.4,4.8,4.8,6.2,4.5,7.9,7.5,0.9,4.5,7.5
URA52561.1,SARS 2,South America,6.2,3.2,3.2,6.9,3.1,3.7,4.9,6.5,1.3,6,8.4,4.8,4.8,6.2,4.5,7.9,7.5,0.9,4.5,7.5
URA52597.1,SARS 2,South America,6.2,3.2,3.2,6.9,3.1,3.7,4.9,6.5,1.3,6,8.4,4.8,4.8,6.2,4.5,7.9,7.5,0.9,4.5,7.5
URA52621.1,SARS 2,South America,6.2,3.2,3.2,6.9,3.1,3.7,4.9,6.5,1.3,6,8.4,4.8,4.8,6.2,4.5,7.9,7.5,0.9,4.5,7.5
URA52633.1,SARS 2,South America,6.2,3.2,3.2,6.9,3.1,3.6,4.9,6.5,1.3,6,8.4,4.8,4.8,6.2,4.5,7.9,7.5,0.9,4.5,7.5
URA52681.1,SARS 2,South America,6.1,3.2,3.2,6.9,3.1,3.7,4.9,6.5,1.3,6.1,8.4,4.8,4.8,6.2,4.5,7.9,7.5,0.9,4.5,7.6
URA52693.1,SARS 2,South America,6.2,3.2,3.2,6.9,3.1,3.7,4.9,6.5,1.3,6,8.4,4.8,4.8,6.2,4.5,7.9,7.5,0.9,4.5,7.5
URA52717.1,SARS 2,South America,6.2,3.2,3.2,6.9,3.1,3.7,4.9,6.5,1.3,6.1,8.4,4.8,4.8,6.2,4.5,7.9,7.5,0.9,4.5,7.5
URA52774.1,SARS 2,South America,6.2,3.2,3.2,6.9,3.1,3.7,4.9,6.5,1.3,6,8.4,4.8,4.8,6.2,4.5,7.9,7.5,0.9,4.5,7.5
URA52786.1,SARS 2,South America,6.2,3.2,3.2,6.9,3.1,3.7,4.9,6.4,1.3,6,8.4,4.8,4.8,6.2,4.5,7.9,7.5,0.9,4.5,7.6
URA52798.1,SARS 2,South America,6.2,3.2,3.2,6.9,3.1,3.7,4.9,6.5,1.3,6,8.4,4.8,4.8,6.2,4.5,7.9,7.5,0.9,4.5,7.5
URA52858.1,SARS 2,South America,6.2,3.2,3.2,7,3.1,3.7,4.9,6.4,1.3,6,8.4,4.7,4.7,6.2,4.5,7.9,7.5,0.9,4.5,7.6
URA52988.1,SARS 2,South America,6.2,3.2,3.2,6.9,3.1,3.7,4.9,6.5,1.3,6,8.4,4.8,4.8,6.2,4.5,7.9,7.5,0.9,4.5,7.5
URA53012.1,SARS 2,South America,6.2,3.2,3.2,6.9,3.1,3.7,4.9,6.5,1.3,6,8.4,4.8,4.8,6.2,4.5,7.9,7.5,0.9,4.5,7.5
URA53272.1,SARS 2,South America,6.2,3.2,3.2,6.9,3.1,3.7,4.9,6.5,1.3,6,8.4,4.8,4.8,6.2,4.5,7.9,7.5,0.9,4.5,7.5
URA53307.1,SARS 2,South America,6.2,3.2,3.2,6.9,3.1,3.7,4.9,6.5,1.3,6,8.4,4.8,4.8,6.2,4.5,7.9,7.5,0.9,4.5,7.5
URA53330.1,SARS 2,South America,6.2,3.2,3.2,6.9,3.1,3.7,4.9,6.5,1.3,6,8.4,4.8,4.8,6.2,4.5,7.9,7.5,0.9,4.5,7.5
URA53366.1,SARS 2,South America,6.2,3.2,3.2,6.9,3.1,3.7,4.9,6.5,1.3,6,8.4,4.8,4.8,6.2,4.5,7.9,7.5,0.9,4.5,7.5
URA53378.1,SARS 2,South America,6.2,3.2,3.2,6.9,3.1,3.7,4.9,6.5,1.3,6,8.4,4.8,4.8,6.2,4.4,7.9,7.5,0.9,4.5,7.5
URA53424.1,SARS 2,South America,6.2,3.5,3.5,7,3.1,3.7,4.9,6.6,1.3,6,8.4,4.9,4.9,6.1,4.5,7.8,7.5,0.9,4.2,7.6
URA53436.1,SARS 2,South America,6.1,3.5,3.5,7,3.1,3.7,4.9,6.6,1.3,6,8.4,4.9,4.9,6,4.5,7.9,7.5,0.9,4.2,7.6
URA53448.1,SARS 2,South America,6.2,3.5,3.5,7,3.1,3.7,4.9,6.6,1.3,6,8.4,4.9,4.9,6,4.5,7.8,7.5,0.9,4.2,7.6
URA53460.1,SARS 2,South America,6.2,3.5,3.5,7,3.1,3.7,4.9,6.6,1.3,6.1,8.4,4.9,4.9,6,4.5,7.8,7.4,0.9,4.2,7.6
URA53472.1,SARS 2,South America,6.2,3.5,3.5,7,3.1,3.8,4.9,6.5,1.3,6,8.4,4.9,4.9,6,4.5,7.8,7.5,0.9,4.2,7.6
URA53484.1,SARS 2,South America,6.2,3.5,3.5,7,3.1,3.7,4.9,6.5,1.3,6,8.3,4.9,4.9,6.1,4.5,7.8,7.5,0.9,4.2,7.6
URA53496.1,SARS 2,South America,6.2,3.5,3.5,7,3.1,3.7,4.9,6.6,1.3,6,8.4,4.9,4.9,6,4.5,7.8,7.5,0.9,4.2,7.6
URA53508.1,SARS 2,South America,6.2,3.5,3.5,7,3.1,3.7,4.9,6.6,1.3,6,8.4,4.9,4.9,6,4.5,7.8,7.5,0.9,4.2,7.6
URA53520.1,SARS 2,South America,6.2,3.5,3.5,7,3.1,3.7,4.9,6.6,1.3,6.1,8.5,4.9,4.9,6,4.5,7.8,7.4,0.9,4.2,7.6
URA53532.1,SARS 2,South America,6.2,3.5,3.5,7,3.1,3.7,4.9,6.6,1.3,6,8.4,4.9,4.9,6,4.5,7.8,7.5,0.9,4.2,7.6
URA53544.1,SARS 2,South America,6.2,3.5,3.5,7,3.1,3.7,4.9,6.6,1.3,6,8.5,4.9,4.9,6,4.5,7.8,7.5,0.9,4.2,7.6
URA53556.1,SARS 2,South America,6.2,3.5,3.5,7,3.1,3.7,4.9,6.6,1.3,6,8.4,4.9,4.9,6,4.5,7.8,7.5,0.9,4.2,7.6
URA53568.1,SARS 2,South America,6.2,3.5,3.5,7,3.1,3.7,4.9,6.6,1.3,6,8.4,4.9,4.9,6,4.5,7.8,7.5,0.9,4.2,7.6
URA53580.1,SARS 2,South America,6.2,3.5,3.5,7,3.1,3.7,4.9,6.6,1.3,6,8.4,4.9,4.9,6,4.5,7.8,7.5,0.9,4.2,7.6
URA53592.1,SARS 2,South America,6.2,3.5,3.5,7,3.1,3.7,4.9,6.6,1.3,6,8.4,4.9,4.9,6,4.5,7.8,7.5,0.9,4.2,7.6
URA53604.1,SARS 2,South America,6.2,3.5,3.5,7,3.1,3.7,4.9,6.6,1.3,6,8.4,4.9,4.9,6,4.5,7.8,7.5,0.9,4.2,7.6
URA53616.1,SARS 2,South America,6.2,3.5,3.5,7,3.1,3.7,4.9,6.6,1.3,6,8.4,4.9,4.9,6,4.5,7.8,7.5,0.9,4.2,7.6
URA53628.1,SARS 2,South America,6.2,3.5,3.5,7,3.1,3.7,4.9,6.6,1.3,6,8.4,4.9,4.9,6,4.5,7.8,7.5,0.9,4.2,7.6
URA53640.1,SARS 2,South America,6.1,3.5,3.5,7,3.1,3.7,4.9,6.6,1.3,6,8.4,4.9,4.9,6,4.6,7.8,7.5,0.9,4.2,7.6
URA53652.1,SARS 2,South America,6.2,3.5,3.5,7,3.1,3.7,4.9,6.6,1.3,6,8.4,4.9,4.9,6,4.5,7.8,7.5,0.9,4.2,7.6
URA53664.1,SARS 2,South America,6.2,3.4,3.4,7,3.1,3.7,4.9,6.6,1.3,6,8.5,4.9,4.9,6,4.5,7.8,7.5,0.9,4.2,7.6
URA53676.1,SARS 2,South America,6.2,3.5,3.5,7,3.1,3.7,4.9,6.6,1.3,6,8.4,4.9,4.9,6,4.5,7.8,7.5,0.9,4.2,7.6
URA53688.1,SARS 2,South America,6.2,3.5,3.5,7,3.1,3.7,4.9,6.6,1.3,6,8.4,4.9,4.9,6,4.5,7.8,7.5,0.9,4.2,7.6
URA53700.1,SARS 2,South America,6.2,3.5,3.5,7,3.1,3.7,4.9,6.6,1.3,6,8.4,4.9,4.9,6,4.5,7.8,7.5,0.9,4.2,7.6
URA53712.1,SARS 2,South America,6.2,3.5,3.5,7,3.1,3.7,4.9,6.6,1.3,6,8.4,4.9,4.9,6,4.5,7.8,7.5,0.9,4.2,7.6
URA53724.1,SARS 2,South America,6.2,3.5,3.5,7,3.1,3.7,4.9,6.6,1.3,6,8.4,4.9,4.9,6,4.5,7.8,7.5,0.9,4.2,7.6
URA53736.1,SARS 2,South America,6.2,3.5,3.5,7,3.1,3.7,4.9,6.6,1.3,6,8.4,4.9,4.9,6,4.5,7.8,7.5,0.9,4.2,7.6
URA53748.1,SARS 2,South America,6.2,3.5,3.5,7,3.1,3.7,4.9,6.6,1.3,6,8.4,4.9,4.9,6,4.5,7.8,7.5,0.9,4.2,7.6
URA53760.1,SARS 2,South America,6.2,3.5,3.5,7,3.1,3.7,4.9,6.6,1.3,6,8.4,4.9,4.9,6,4.5,7.8,7.5,0.9,4.2,7.6
URA53772.1,SARS 2,South America,6.2,3.5,3.5,7,3.1,3.7,4.9,6.6,1.3,6,8.4,4.9,4.9,6,4.5,7.8,7.5,0.9,4.2,7.6
URA53784.1,SARS 2,South America,6.2,3.5,3.5,7,3.1,3.7,4.9,6.6,1.3,6,8.4,4.9,4.9,6,4.5,7.8,7.5,0.9,4.2,7.6
URA53796.1,SARS 2,South America,6.2,3.5,3.5,7,3.1,3.7,4.9,6.6,1.3,6,8.4,4.9,4.9,6,4.5,7.8,7.5,0.9,4.2,7.6
URA53808.1,SARS 2,South America,6.2,3.5,3.5,6.9,3.1,3.7,4.9,6.6,1.3,6,8.4,4.9,4.9,6,4.5,7.8,7.5,0.9,4.2,7.6
URA53820.1,SARS 2,South America,6.2,3.5,3.5,7,3.1,3.7,4.9,6.6,1.3,6.1,8.4,4.9,4.9,6,4.5,7.8,7.4,0.9,4.2,7.6
USL54461.1,SARS 2,North America,6.2,3.4,3.4,6.5,3.1,3.9,4.6,6.2,1.4,6.1,8.4,5.4,5.4,6.2,4.6,7.6,7.4,0.9,4.3,7.6
USL54473.1,SARS 2,North America,6.2,3.5,3.5,6.5,3.1,3.9,4.6,6.2,1.4,6.1,8.4,5.3,5.3,6.2,4.6,7.6,7.4,0.9,4.3,7.6
USL54485.1,SARS 2,North America,6.2,3.4,3.4,6.5,3.1,3.9,4.6,6.2,1.4,6.1,8.4,5.4,5.4,6.2,4.6,7.6,7.4,0.9,4.3,7.6
USL54497.1,SARS 2,North America,6.2,3.5,3.5,6.5,3.1,3.9,4.6,6.2,1.4,6.1,8.4,5.3,5.3,6.2,4.6,7.6,7.4,0.9,4.3,7.6
USL54509.1,SARS 2,North America,6.2,3.4,3.4,6.5,3.1,3.9,4.6,6.2,1.4,6.1,8.4,5.4,5.4,6.2,4.6,7.6,7.4,0.9,4.3,7.6
USL54533.1,SARS 2,North America,6.2,3.4,3.4,6.5,3.1,3.9,4.6,6.2,1.4,6.1,8.4,5.4,5.4,6.2,4.6,7.6,7.4,0.9,4.3,7.6
USL54556.1,SARS 2,North America,6.2,3.4,3.4,6.5,3.1,3.9,4.6,6.2,1.4,6.1,8.3,5.4,5.4,6.3,4.6,7.6,7.4,0.9,4.3,7.6
USL54568.1,SARS 2,North America,6.2,3.4,3.4,6.5,3.1,3.9,4.6,6.2,1.4,6.1,8.4,5.4,5.4,6.2,4.6,7.6,7.4,0.9,4.3,7.6
USL54580.1,SARS 2,North America,6.2,3.4,3.4,6.5,3.1,3.9,4.6,6.2,1.4,6.1,8.4,5.4,5.4,6.2,4.6,7.6,7.4,0.9,4.3,7.6
USL54592.1,SARS 2,North America,6.2,3.5,3.5,6.5,3.1,3.9,4.6,6.2,1.4,6.1,8.4,5.3,5.3,6.2,4.6,7.6,7.4,0.9,4.3,7.6
USL54604.1,SARS 2,North America,6.2,3.4,3.4,6.5,3.1,3.9,4.6,6.2,1.4,6.1,8.4,5.4,5.4,6.2,4.6,7.6,7.4,0.9,4.3,7.6
USL54616.1,SARS 2,North America,6.2,3.4,3.4,6.5,3.1,3.9,4.6,6.2,1.4,6.2,8.4,5.4,5.4,6.2,4.6,7.6,7.3,0.9,4.3,7.6
USL54628.1,SARS 2,North America,6.2,3.4,3.4,6.5,3.1,3.9,4.6,6.2,1.4,6.1,8.4,5.4,5.4,6.2,4.6,7.6,7.4,0.9,4.3,7.6
USL54640.1,SARS 2,North America,6.2,3.4,3.4,6.5,3.1,3.9,4.6,6.2,1.4,6.1,8.4,5.4,5.4,6.2,4.6,7.6,7.4,0.9,4.3,7.6
USL54652.1,SARS 2,North America,6.2,3.4,3.4,6.5,3.1,3.9,4.6,6.2,1.4,6.1,8.4,5.4,5.4,6.2,4.6,7.6,7.4,0.9,4.3,7.6
USL54664.1,SARS 2,North America,6.2,3.4,3.4,6.5,3.1,3.9,4.6,6.2,1.4,6.1,8.4,5.4,5.4,6.2,4.6,7.6,7.4,0.9,4.3,7.6
USL54676.1,SARS 2,North America,6.2,3.5,3.5,6.5,3.1,3.9,4.6,6.2,1.4,6.1,8.4,5.3,5.3,6.2,4.6,7.6,7.4,0.9,4.3,7.6
USL54688.1,SARS 2,North America,6.2,3.4,3.4,6.5,3.1,3.9,4.6,6.2,1.4,6.1,8.4,5.4,5.4,6.2,4.6,7.6,7.4,0.9,4.3,7.6
USL54700.1,SARS 2,North America,6.2,3.5,3.5,6.5,3.1,3.9,4.6,6.2,1.4,6.1,8.3,5.3,5.3,6.3,4.6,7.6,7.4,0.9,4.3,7.6
USL54712.1,SARS 2,North America,6.2,3.4,3.4,6.5,3.1,3.9,4.6,6.2,1.4,6.1,8.4,5.4,5.4,6.2,4.6,7.6,7.4,0.9,4.3,7.6
USL54736.1,SARS 2,North America,6.2,3.4,3.4,6.5,3.1,3.9,4.6,6.2,1.4,6.1,8.4,5.4,5.4,6.2,4.6,7.6,7.4,0.9,4.3,7.6
USL54760.1,SARS 2,North America,6.2,3.5,3.5,6.5,3.1,3.9,4.6,6.2,1.4,6.1,8.4,5.3,5.3,6.2,4.6,7.6,7.4,0.9,4.3,7.6
USL54796.1,SARS 2,North America,6.2,3.5,3.5,6.5,3.1,3.9,4.6,6.2,1.4,6.1,8.4,5.3,5.3,6.2,4.6,7.6,7.4,0.9,4.3,7.6
USL54808.1,SARS 2,North America,6.2,3.4,3.4,6.5,3.1,3.9,4.6,6.2,1.4,6.1,8.4,5.4,5.4,6.2,4.6,7.6,7.4,0.9,4.3,7.6
USL54832.1,SARS 2,North America,6.2,3.4,3.4,6.5,3.1,3.9,4.6,6.2,1.4,6.1,8.4,5.4,5.4,6.2,4.6,7.6,7.4,0.9,4.3,7.6
USL54844.1,SARS 2,North America,6.2,3.4,3.4,6.5,3.1,3.9,4.6,6.2,1.4,6.1,8.4,5.4,5.4,6.2,4.6,7.6,7.4,0.9,4.3,7.6
USL54868.1,SARS 2,North America,6.2,3.4,3.4,6.5,3.1,3.9,4.6,6.2,1.4,6.1,8.4,5.4,5.4,6.2,4.6,7.6,7.4,0.9,4.3,7.6
USL54880.1,SARS 2,North America,6.2,3.4,3.4,6.5,3.1,3.9,4.6,6.2,1.4,6.1,8.4,5.4,5.4,6.2,4.6,7.6,7.4,0.9,4.3,7.6
USL54904.1,SARS 2,North America,6.2,3.4,3.4,6.5,3.1,3.9,4.6,6.2,1.4,6.1,8.4,5.4,5.4,6.2,4.6,7.6,7.4,0.9,4.3,7.6
USL54916.1,SARS 2,North America,6.2,3.4,3.4,6.5,3.1,3.9,4.6,6.2,1.4,6.1,8.4,5.4,5.4,6.2,4.6,7.6,7.4,0.9,4.3,7.6
USL54928.1,SARS 2,North America,6.2,3.4,3.4,6.5,3.1,3.9,4.6,6.2,1.4,6.1,8.4,5.4,5.4,6.2,4.6,7.6,7.4,0.9,4.3,7.6
USL54940.1,SARS 2,North America,6.2,3.5,3.5,7,3.1,3.7,4.9,6.5,1.3,6.1,8.4,4.9,4.9,6,4.5,7.8,7.4,0.9,4.2,7.6
USL54952.1,SARS 2,North America,6.2,3.4,3.4,6.5,3.1,3.9,4.6,6.2,1.4,6.1,8.4,5.4,5.4,6.2,4.6,7.6,7.4,0.9,4.3,7.6
USL54964.1,SARS 2,North America,6.2,3.4,3.4,6.5,3.1,3.9,4.6,6.2,1.4,6.2,8.4,5.4,5.4,6.2,4.6,7.6,7.3,0.9,4.3,7.6
USL54976.1,SARS 2,North America,6.2,3.4,3.4,6.5,3.1,3.9,4.6,6.2,1.4,6.1,8.4,5.4,5.4,6.2,4.6,7.6,7.4,0.9,4.3,7.6
USL54988.1,SARS 2,North America,6.2,3.4,3.4,6.5,3.1,3.9,4.6,6.2,1.4,6.1,8.4,5.4,5.4,6.2,4.6,7.6,7.4,0.9,4.3,7.6
USL55000.1,SARS 2,North America,6.2,3.4,3.4,6.5,3.1,3.9,4.6,6.2,1.4,6.1,8.3,5.4,5.4,6.3,4.6,7.6,7.4,0.9,4.3,7.6
USL55012.1,SARS 2,North America,6.2,3.5,3.5,6.5,3.1,3.9,4.6,6.2,1.4,6.1,8.4,5.3,5.3,6.2,4.6,7.6,7.4,0.9,4.3,7.6
USL55024.1,SARS 2,North America,6.2,3.4,3.4,6.5,3.1,3.9,4.6,6.2,1.4,6.1,8.4,5.4,5.4,6.2,4.6,7.6,7.4,0.9,4.3,7.6
USL55036.1,SARS 2,North America,6.2,3.4,3.4,6.5,3.1,3.9,4.6,6.2,1.4,6.1,8.4,5.4,5.4,6.2,4.6,7.6,7.4,0.9,4.3,7.6
USL55048.1,SARS 2,North America,6.2,3.4,3.4,6.5,3.1,3.9,4.6,6.2,1.4,6.1,8.4,5.4,5.4,6.2,4.6,7.6,7.4,0.9,4.3,7.6
USL55072.1,SARS 2,North America,6.2,3.5,3.5,6.5,3.1,3.9,4.6,6.2,1.4,6.1,8.4,5.3,5.3,6.2,4.6,7.6,7.4,0.9,4.3,7.6
USL55084.1,SARS 2,North America,6.2,3.5,3.5,6.5,3.1,3.9,4.6,6.2,1.4,6.1,8.4,5.3,5.3,6.2,4.6,7.6,7.4,0.9,4.3,7.6
USL55096.1,SARS 2,North America,6.2,3.4,3.4,6.5,3.1,3.9,4.6,6.2,1.4,6.1,8.4,5.4,5.4,6.2,4.6,7.6,7.4,0.9,4.3,7.6
USL55108.1,SARS 2,North America,6.2,3.4,3.4,6.5,3.1,3.9,4.6,6.2,1.4,6.1,8.4,5.4,5.4,6.2,4.6,7.6,7.4,0.9,4.3,7.6
USL55120.1,SARS 2,North America,6.2,3.4,3.4,6.5,3.1,3.9,4.6,6.2,1.4,6.1,8.4,5.4,5.4,6.2,4.6,7.6,7.4,0.9,4.3,7.6
USL55156.1,SARS 2,North America,6.2,3.4,3.4,6.5,3.1,3.9,4.6,6.2,1.4,6.1,8.4,5.4,5.4,6.2,4.6,7.6,7.4,0.9,4.3,7.6
USL55168.1,SARS 2,North America,6.3,3.4,3.4,6.8,3.1,3.7,4.6,6.5,1.5,6.1,8.4,5.1,5.1,6.2,4.4,7.6,7.4,0.9,4.4,7.6
USL55180.1,SARS 2,North America,6.2,3.4,3.4,6.5,3.1,3.9,4.6,6.2,1.4,6.1,8.4,5.4,5.4,6.2,4.6,7.6,7.4,0.9,4.3,7.6
USL55192.1,SARS 2,North America,6.2,3.4,3.4,6.5,3.1,3.9,4.6,6.2,1.4,6.1,8.4,5.4,5.4,6.2,4.6,7.6,7.4,0.9,4.3,7.6
USL55204.1,SARS 2,North America,6.2,3.4,3.4,6.5,3.1,3.9,4.6,6.2,1.4,6.1,8.4,5.4,5.4,6.2,4.6,7.6,7.4,0.9,4.3,7.6
USL55216.1,SARS 2,North America,6.2,3.4,3.4,6.5,3.1,3.8,4.6,6.2,1.4,6.1,8.4,5.4,5.4,6.2,4.6,7.6,7.4,0.9,4.3,7.6
USL55228.1,SARS 2,North America,6.2,3.4,3.4,6.5,3.1,3.9,4.6,6.2,1.4,6.1,8.4,5.4,5.4,6.2,4.6,7.6,7.4,0.9,4.3,7.6
USL55240.1,SARS 2,North America,6.2,3.4,3.4,6.5,3.1,3.9,4.6,6.2,1.4,6.1,8.4,5.4,5.4,6.2,4.6,7.6,7.4,0.9,4.3,7.6
USL55252.1,SARS 2,North America,6.2,3.5,3.5,6.5,3.1,3.9,4.6,6.2,1.4,6.1,8.4,5.3,5.3,6.2,4.6,7.6,7.4,0.9,4.3,7.6
USL55264.1,SARS 2,North America,6.2,3.4,3.4,6.5,3.1,3.9,4.6,6.2,1.4,6.2,8.4,5.4,5.4,6.2,4.7,7.6,7.3,0.9,4.3,7.6
USL55276.1,SARS 2,North America,6.2,3.4,3.4,6.5,3.1,3.9,4.6,6.2,1.4,6.1,8.4,5.4,5.4,6.2,4.6,7.6,7.4,0.9,4.3,7.6
USL55288.1,SARS 2,North America,6.2,3.4,3.4,6.5,3.1,3.9,4.6,6.2,1.4,6.1,8.4,5.4,5.4,6.2,4.6,7.6,7.4,0.9,4.3,7.6
USL55300.1,SARS 2,North America,6.2,3.4,3.4,6.5,3.1,3.9,4.6,6.2,1.4,6.1,8.4,5.4,5.4,6.2,4.6,7.6,7.4,0.9,4.3,7.6
USL55312.1,SARS 2,North America,6.2,3.4,3.4,6.5,3.1,3.9,4.6,6.2,1.4,6.1,8.4,5.4,5.4,6.2,4.6,7.6,7.4,0.9,4.3,7.6
USL55336.1,SARS 2,North America,6.2,3.4,3.4,6.5,3.1,3.9,4.6,6.2,1.4,6.1,8.4,5.4,5.4,6.2,4.6,7.6,7.4,0.9,4.3,7.6
USL55348.1,SARS 2,North America,6.2,3.4,3.4,6.5,3.1,3.9,4.6,6.2,1.4,6.1,8.4,5.4,5.4,6.2,4.6,7.6,7.4,0.9,4.3,7.6
USL55360.1,SARS 2,North America,6.2,3.4,3.4,6.5,3.1,3.9,4.6,6.2,1.4,6.1,8.4,5.4,5.4,6.2,4.6,7.6,7.4,0.9,4.3,7.6
USL55372.1,SARS 2,North America,6.2,3.4,3.4,6.5,3.1,3.9,4.6,6.2,1.4,6.1,8.4,5.4,5.4,6.2,4.6,7.6,7.4,0.9,4.3,7.6
USL55384.1,SARS 2,North America,6.2,3.5,3.5,6.5,3.1,3.9,4.6,6.2,1.4,6.1,8.4,5.3,5.3,6.2,4.6,7.6,7.4,0.9,4.3,7.6
USL55396.1,SARS 2,North America,6.2,3.4,3.4,6.5,3.1,3.9,4.6,6.2,1.4,6.1,8.4,5.4,5.4,6.2,4.6,7.6,7.4,0.9,4.3,7.6
USL55408.1,SARS 2,North America,6.2,3.4,3.4,6.5,3.1,3.9,4.6,6.2,1.4,6.1,8.4,5.4,5.4,6.2,4.6,7.6,7.4,0.9,4.3,7.6
USL55420.1,SARS 2,North America,6.2,3.4,3.4,6.5,3.1,3.9,4.6,6.2,1.4,6.1,8.4,5.4,5.4,6.2,4.6,7.6,7.4,0.9,4.3,7.6
USL55432.1,SARS 2,North America,6.2,3.4,3.4,6.5,3.1,3.9,4.6,6.2,1.4,6.1,8.4,5.4,5.4,6.2,4.6,7.6,7.4,0.9,4.3,7.6
USL55468.1,SARS 2,North America,6.2,3.4,3.4,6.5,3.1,3.9,4.6,6.2,1.4,6.1,8.4,5.4,5.4,6.2,4.6,7.6,7.4,0.9,4.3,7.6
USL55480.1,SARS 2,North America,6.2,3.4,3.4,6.5,3.1,3.9,4.6,6.2,1.4,6.2,8.4,5.4,5.4,6.2,4.6,7.6,7.3,0.9,4.3,7.6
USL55492.1,SARS 2,North America,6.2,3.4,3.4,6.5,3.1,3.9,4.6,6.2,1.4,6.1,8.4,5.4,5.4,6.2,4.6,7.6,7.4,0.9,4.3,7.6
YP_009825051.1,SARS  ,Canada,6.8,3.1,3.1,6.5,3.1,3.3,4.4,6.3,1.2,6.2,7.9,4.8,4.8,6.6,4.5,7.6,7.9,0.9,4.3,7.3
YP_009047204.1,MERS,Saudi Arabia,6.5,3.3,3.3,5.7,3.1,3.4,5.3,6.8,1.5,5.4,8.9,3.8,3.8,5.2,4.6,9.9,6.8,0.7,5.6,7.1
YP_007188579.1,MERS,United Kingdom,6.5,3.3,3.3,5.7,3.1,3.4,5.2,6.8,1.6,5.4,8.8,3.8,3.8,5.3,4.6,9.9,6.8,0.7,5.6,7.1
YP_173238.1,HKU1,Hong Kong,4.4,2.7,2.7,8.5,4.1,2.9,2.9,5.4,2,5.9,9.9,4.4,4.4,6.6,3.8,11.5,6.4,1.2,5.3,6.5
URC25127.1,HKU1,China,4.5,2.7,2.7,8.6,4.1,2.8,2.9,5.4,2,6,9.8,4.4,4.4,6.6,3.8,11.4,6.4,1.2,5.4,6.3
URC25135.1,HKU1,China,4.6,2.7,2.7,8.6,4.1,2.9,2.9,5.4,1.9,6,9.8,4.4,4.4,6.6,3.8,11.4,6.3,1.2,5.3,6.3
URC25143.1,HKU1,China,4.5,2.7,2.7,8.6,4.1,2.9,2.9,5.4,2,6,9.8,4.4,4.4,6.6,3.8,11.4,6.4,1.2,5.4,6.3
URC25151.1,HKU1,China,4.6,2.7,2.7,8.6,4.1,2.9,2.9,5.4,1.9,5.9,9.8,4.4,4.4,6.6,3.8,11.4,6.3,1.2,5.3,6.4
URC25161.1,HKU1,China,4.6,2.7,2.7,9,4.1,3,3,5.5,1.7,6.7,9.8,4,4,6.5,4,11.4,5.7,1.2,5.1,6.4
URC25170.1,HKU1,China,4.5,2.7,2.7,8.9,4.1,3,3,5.5,1.6,6.8,9.7,4.1,4.1,6.5,4.1,11.3,5.8,1.2,5.1,6.5
URC25179.1,HKU1,China,4.6,2.7,2.7,8.9,4.1,3,3,5.5,1.6,6.7,9.8,4.1,4.1,6.5,4.1,11.3,5.8,1.2,5.1,6.4
URC25188.1,HKU1,China,4.6,2.7,2.7,9,4.1,3,3,5.5,1.7,6.7,9.8,4,4,6.5,4,11.4,5.8,1.2,5.1,6.4
UQT19597.1,OC43,China,6.3,2.7,2.7,8.5,4.1,3.3,3.8,6.3,1.3,5.6,9.3,4.3,4.3,5.4,4.1,7.9,6.8,1,5.7,7.1
UQT19605.1,OC43,China,6.3,2.7,2.7,8.5,4.1,3.3,3.8,6.3,1.3,5.6,9.3,4.3,4.3,5.4,4.1,7.9,6.8,1,5.7,7.1
UPG58704.1,OC43,Finland,6.2,2.9,2.9,8.4,4.1,3.2,3.8,6.7,1,5.9,9.2,4.4,4.4,5.2,4.1,7.8,6.8,1,5.7,7.2
UPG58712.1,229E,Finland,6.2,3,3,7.2,3.2,3.2,3.9,6.7,0.9,6,8.7,3.5,3.5,5.3,3.2,9.1,8.3,1,5,10.2
UOP57204.1,OC43,China,6.2,2.7,2.7,8.2,4.1,3,3.8,6.6,1.1,5.7,9.2,4.4,4.4,5.3,4.3,8.2,6.8,1,5.7,7.2
UOP57214.1,OC43,China,6.2,2.7,2.7,8.3,4.1,3,3.8,6.6,1.1,5.6,9.1,4.4,4.4,5.5,4.3,8,6.9,1,5.7,7.2
UOP57224.1,OC43,China,6.2,2.7,2.7,8.7,4.1,3.3,3.9,6.2,1.3,5.6,9.4,4.2,4.2,5.3,4.2,7.8,6.9,1,5.8,7.1
BDG58104.1,HKU1,Japan,4.6,2.7,2.7,8.6,4.1,2.9,2.9,5.4,1.9,6,9.9,4.4,4.4,6.5,3.8,11.4,6.3,1.2,5.3,6.3
BDG58112.1,NL63,Japan,5.6,3,3,8.4,3.3,2.1,4.3,6,1.6,5.7,10,3.2,3.2,5.5,3.3,9.7,7.7,1,5.2,9.4
BDG58119.1,NL63,Japan,5.7,2.9,2.9,8.4,3.3,2.1,4.3,6,1.7,5.7,9.9,3.2,3.2,5.5,3.4,9.7,7.7,1,5.2,9.4
BDG58126.1,NL63,Japan,5.7,3,3,8.4,3.3,2.1,4.2,6,1.7,5.7,9.9,3.2,3.2,5.7,3.4,9.6,7.7,1,5.1,9.4
BDG58133.1,NL63,Japan,5.7,3,3,8.4,3.3,2.1,4.3,6,1.6,5.7,9.9,3.2,3.2,5.6,3.4,9.6,7.7,1,5.2,9.4
BDG58142.1,OC43,Japan,6.2,2.7,2.7,8.5,4,3.2,3.8,6.3,1.3,5.6,9.3,4.4,4.4,5.4,4.3,7.7,6.9,1,5.8,7.1
BDG58151.1,OC43,Japan,6.4,2.7,2.7,8.5,4,3.3,3.9,6.3,1.3,5.7,9.3,4.3,4.3,5.3,4.1,7.6,6.9,1,5.8,7.2
BDG58160.1,OC43,Japan,6.2,2.7,2.7,8.6,4,3.2,3.8,6.3,1.3,5.6,9.3,4.4,4.4,5.4,4.2,7.7,6.9,1,5.8,7.1
BDG58167.1,NL63,Japan,5.7,3,3,8.4,3.3,2.1,4.3,6,1.6,5.7,9.9,3.2,3.2,5.5,3.4,9.7,7.7,1,5.2,9.4
BDG58174.1,NL63,Japan,5.7,3,3,8.4,3.3,2.1,4.3,6,1.6,5.7,9.9,3.2,3.2,5.5,3.4,9.7,7.7,1,5.2,9.4
UJY53987.1,OC43,Australia,6.1,2.7,2.7,8.5,4.1,3.2,3.8,6.3,1.3,5.4,9.6,4.3,4.3,5.4,4.2,7.9,6.8,1,5.7,7.2
UJY53997.1,OC43,Australia,6.1,2.7,2.7,8.4,4.1,3.2,3.8,6.3,1.3,5.4,9.5,4.3,4.3,5.4,4.3,7.9,6.8,1,5.7,7.2
UHY66465.1,OC43,Hong Kong,6.2,2.7,2.7,8.4,4,3.2,3.8,6.3,1.2,5.7,9.3,4.3,4.3,5.4,4.3,7.9,6.8,1,5.7,7
UHI99911.1,MERS,Saudi Arabia,6.5,3.3,3.3,5.7,3.1,3.4,5.2,6.8,1.5,5.4,8.9,3.8,3.8,5.2,4.6,9.9,6.8,0.7,5.6,7.1
UHI99922.1,MERS,Saudi Arabia,6.5,3.3,3.3,5.7,3.1,3.4,5.2,6.8,1.5,5.5,8.9,3.8,3.8,5.2,4.5,9.8,6.9,0.7,5.6,7
USA98054.1,SARS 2,USA,6.3,3.4,3.4,6.8,3.2,3.7,4.7,6.5,1.4,6.1,8.4,5.1,5.1,6.2,4.4,7.6,7.4,0.9,4.4,7.6
USA98066.1,SARS 2,USA,6.3,3.4,3.4,6.8,3.1,3.7,4.7,6.5,1.5,6.1,8.4,5.1,5.1,6.2,4.4,7.6,7.4,0.9,4.4,7.6
USA98078.1,SARS 2,USA,6.3,3.4,3.4,6.8,3.1,3.7,4.7,6.5,1.5,6.1,8.4,5.1,5.1,6.2,4.4,7.6,7.4,0.9,4.4,7.6
sp|P59594|SPIKE_SARS,SARS,USA,6.7,3.1,3.1,6.5,3.1,3.3,4.4,6.3,1.2,6.2,7.9,4.8,4.8,6.6,4.5,7.6,7.9,0.9,4.3,7.3
tr|Q19QX0|Q19QX0_SARS,SARS,USA,6.7,3.1,3.1,6.5,3.1,3.3,4.4,6.3,1.3,6.2,7.9,4.8,4.8,6.6,4.5,7.6,7.9,0.9,4.2,7.3
tr|Q202F2|Q202F2_SARS,SARS,China,6.6,3.2,3.2,6.5,3.1,3.3,4.4,6.3,1.2,6.2,7.9,4.8,4.8,6.6,4.5,7.6,7.9,0.9,4.3,7.3
tr|Q202H5|Q202H5_SARS,SARS,China,6.7,3.1,3.1,6.5,3.1,3.3,4.4,6.3,1.2,6.2,7.9,4.8,4.8,6.6,4.5,7.6,7.9,0.9,4.3,7.3
tr|Q202G3|Q202G3_SARS,SARS,China,6.7,3.1,3.1,6.5,3.1,3.3,4.4,6.3,1.2,6.3,7.8,4.8,4.8,6.6,4.5,7.6,7.9,0.9,4.3,7.3
AYV99747.1,SARS Urbani,North America,6.7,3.1,3.1,6.5,3.1,3.3,4.4,6.3,1.2,6.2,7.9,4.8,4.8,6.6,4.5,7.6,7.9,0.9,4.3,7.3
AYV99761.1,SARS Urbani,North America,6.7,3.1,3.1,6.5,3.1,3.3,4.4,6.3,1.3,6.2,7.9,4.8,4.8,6.6,4.5,7.6,7.9,0.9,4.2,7.3
AYV99775.1,SARS Urbani,North America,6.7,3.1,3.1,6.5,3.1,3.3,4.4,6.3,1.2,6.2,7.9,4.8,4.8,6.6,4.5,7.6,7.9,0.9,4.3,7.3
AYV99789.1,SARS Urbani,North America,6.7,3.1,3.1,6.5,3.1,3.3,4.4,6.3,1.3,6.2,7.9,4.8,4.8,6.6,4.5,7.6,7.9,0.9,4.2,7.3
AYV99803.1,SARS Urbani,North America,6.7,3.1,3.1,6.5,3.1,3.3,4.4,6.3,1.2,6.2,7.9,4.8,4.8,6.6,4.5,7.6,7.9,0.9,4.3,7.3
AYV99817.1,SARS Urbani,North America,6.7,3.1,3.1,6.5,3.1,3.3,4.4,6.3,1.3,6.2,7.9,4.8,4.8,6.6,4.5,7.6,7.9,0.9,4.2,7.3